realtime_start,date,value
2014-09-26 00:00:00,1947-04-01 00:00:00,-0.4
2018-07-27 00:00:00,1947-04-01 00:00:00,-1.0
2021-07-29 00:00:00,1947-04-01 00:00:00,-1.1
2023-09-28 00:00:00,1947-04-01 00:00:00,-1.0
2014-09-26 00:00:00,1947-07-01 00:00:00,-0.4
2018-07-27 00:00:00,1947-07-01 00:00:00,-0.8
2014-09-26 00:00:00,1947-10-01 00:00:00,6.4
2014-09-26 00:00:00,1948-01-01 00:00:00,6.0
2018-07-27 00:00:00,1948-01-01 00:00:00,6.2
2014-09-26 00:00:00,1948-04-01 00:00:00,6.7
2018-07-27 00:00:00,1948-04-01 00:00:00,6.8
2014-09-26 00:00:00,1948-07-01 00:00:00,2.3
2014-09-26 00:00:00,1948-10-01 00:00:00,0.4
2021-07-29 00:00:00,1948-10-01 00:00:00,0.5
2014-09-26 00:00:00,1949-01-01 00:00:00,-5.4
2014-09-26 00:00:00,1949-04-01 00:00:00,-1.3
2018-07-27 00:00:00,1949-04-01 00:00:00,-1.4
2014-09-26 00:00:00,1949-07-01 00:00:00,4.5
2018-07-27 00:00:00,1949-07-01 00:00:00,4.2
2014-09-26 00:00:00,1949-10-01 00:00:00,-3.5
2018-07-27 00:00:00,1949-10-01 00:00:00,-3.3
2014-09-26 00:00:00,1950-01-01 00:00:00,16.9
2018-07-27 00:00:00,1950-01-01 00:00:00,16.7
2021-07-29 00:00:00,1950-01-01 00:00:00,16.6
2023-09-28 00:00:00,1950-01-01 00:00:00,16.7
2014-09-26 00:00:00,1950-04-01 00:00:00,12.7
2018-07-27 00:00:00,1950-04-01 00:00:00,12.8
2023-09-28 00:00:00,1950-04-01 00:00:00,12.7
2014-09-26 00:00:00,1950-07-01 00:00:00,16.3
2018-07-27 00:00:00,1950-07-01 00:00:00,16.4
2014-09-26 00:00:00,1950-10-01 00:00:00,8.0
2018-07-27 00:00:00,1950-10-01 00:00:00,7.9
2014-09-26 00:00:00,1951-01-01 00:00:00,5.6
2018-07-27 00:00:00,1951-01-01 00:00:00,5.5
2014-09-26 00:00:00,1951-04-01 00:00:00,7.1
2014-09-26 00:00:00,1951-07-01 00:00:00,8.5
2014-09-26 00:00:00,1951-10-01 00:00:00,0.9
2014-09-26 00:00:00,1952-01-01 00:00:00,4.3
2014-09-26 00:00:00,1952-04-01 00:00:00,0.8
2018-07-27 00:00:00,1952-04-01 00:00:00,0.9
2023-09-28 00:00:00,1952-04-01 00:00:00,0.8
2014-09-26 00:00:00,1952-07-01 00:00:00,2.9
2014-09-26 00:00:00,1952-10-01 00:00:00,13.8
2014-09-26 00:00:00,1953-01-01 00:00:00,7.7
2018-07-27 00:00:00,1953-01-01 00:00:00,7.6
2023-09-28 00:00:00,1953-01-01 00:00:00,7.7
2014-09-26 00:00:00,1953-04-01 00:00:00,3.2
2018-07-27 00:00:00,1953-04-01 00:00:00,3.1
2014-09-26 00:00:00,1953-07-01 00:00:00,-2.2
2014-09-26 00:00:00,1953-10-01 00:00:00,-5.9
2014-09-26 00:00:00,1954-01-01 00:00:00,-1.8
2018-07-27 00:00:00,1954-01-01 00:00:00,-1.9
2014-09-26 00:00:00,1954-04-01 00:00:00,0.4
2014-09-26 00:00:00,1954-07-01 00:00:00,4.6
2014-09-26 00:00:00,1954-10-01 00:00:00,8.0
2018-07-27 00:00:00,1954-10-01 00:00:00,8.1
2014-09-26 00:00:00,1955-01-01 00:00:00,11.9
2014-09-26 00:00:00,1955-04-01 00:00:00,6.7
2021-07-29 00:00:00,1955-04-01 00:00:00,6.6
2023-09-28 00:00:00,1955-04-01 00:00:00,6.7
2014-09-26 00:00:00,1955-07-01 00:00:00,5.5
2014-09-26 00:00:00,1955-10-01 00:00:00,2.4
2014-09-26 00:00:00,1956-01-01 00:00:00,-1.5
2014-09-26 00:00:00,1956-04-01 00:00:00,3.4
2018-07-27 00:00:00,1956-04-01 00:00:00,3.3
2014-09-26 00:00:00,1956-07-01 00:00:00,-0.3
2018-07-27 00:00:00,1956-07-01 00:00:00,-0.4
2023-09-28 00:00:00,1956-07-01 00:00:00,-0.3
2014-09-26 00:00:00,1956-10-01 00:00:00,6.7
2021-07-29 00:00:00,1956-10-01 00:00:00,6.8
2014-09-26 00:00:00,1957-01-01 00:00:00,2.6
2014-09-26 00:00:00,1957-04-01 00:00:00,-0.9
2014-09-26 00:00:00,1957-07-01 00:00:00,4.0
2014-09-26 00:00:00,1957-10-01 00:00:00,-4.0
2018-07-27 00:00:00,1957-10-01 00:00:00,-4.1
2014-09-26 00:00:00,1958-01-01 00:00:00,-10.0
2014-09-26 00:00:00,1958-04-01 00:00:00,2.6
2018-07-27 00:00:00,1958-04-01 00:00:00,2.7
2021-07-29 00:00:00,1958-04-01 00:00:00,2.6
2023-09-28 00:00:00,1958-04-01 00:00:00,2.7
2014-09-26 00:00:00,1958-07-01 00:00:00,9.6
2014-09-26 00:00:00,1958-10-01 00:00:00,9.7
2014-09-26 00:00:00,1959-01-01 00:00:00,7.7
2018-07-27 00:00:00,1959-01-01 00:00:00,7.9
2014-09-26 00:00:00,1959-04-01 00:00:00,10.1
2018-07-27 00:00:00,1959-04-01 00:00:00,9.3
2014-09-26 00:00:00,1959-07-01 00:00:00,-0.8
2018-07-27 00:00:00,1959-07-01 00:00:00,0.3
2014-09-26 00:00:00,1959-10-01 00:00:00,1.6
2018-07-27 00:00:00,1959-10-01 00:00:00,1.1
2014-09-26 00:00:00,1960-01-01 00:00:00,9.2
2018-07-27 00:00:00,1960-01-01 00:00:00,9.3
2014-09-26 00:00:00,1960-04-01 00:00:00,-1.5
2018-07-27 00:00:00,1960-04-01 00:00:00,-2.1
2014-09-26 00:00:00,1960-07-01 00:00:00,1.0
2018-07-27 00:00:00,1960-07-01 00:00:00,2.0
2014-09-26 00:00:00,1960-10-01 00:00:00,-4.8
2018-07-27 00:00:00,1960-10-01 00:00:00,-5.0
2014-09-26 00:00:00,1961-01-01 00:00:00,2.7
2014-09-26 00:00:00,1961-04-01 00:00:00,7.6
2018-07-27 00:00:00,1961-04-01 00:00:00,7.0
2014-09-26 00:00:00,1961-07-01 00:00:00,6.8
2018-07-27 00:00:00,1961-07-01 00:00:00,7.9
2014-09-26 00:00:00,1961-10-01 00:00:00,8.3
2018-07-27 00:00:00,1961-10-01 00:00:00,8.1
2014-09-26 00:00:00,1962-01-01 00:00:00,7.4
2018-07-27 00:00:00,1962-01-01 00:00:00,7.3
2014-09-26 00:00:00,1962-04-01 00:00:00,4.4
2018-07-27 00:00:00,1962-04-01 00:00:00,3.7
2014-09-26 00:00:00,1962-07-01 00:00:00,3.9
2018-07-27 00:00:00,1962-07-01 00:00:00,5.0
2014-09-26 00:00:00,1962-10-01 00:00:00,1.6
2018-07-27 00:00:00,1962-10-01 00:00:00,1.3
2014-09-26 00:00:00,1963-01-01 00:00:00,4.5
2018-07-27 00:00:00,1963-01-01 00:00:00,4.4
2014-09-26 00:00:00,1963-04-01 00:00:00,5.3
2018-07-27 00:00:00,1963-04-01 00:00:00,4.6
2014-09-26 00:00:00,1963-07-01 00:00:00,8.0
2018-07-27 00:00:00,1963-07-01 00:00:00,9.1
2014-09-26 00:00:00,1963-10-01 00:00:00,2.9
2018-07-27 00:00:00,1963-10-01 00:00:00,2.6
2021-07-29 00:00:00,1963-10-01 00:00:00,2.7
2023-09-28 00:00:00,1963-10-01 00:00:00,2.6
2014-09-26 00:00:00,1964-01-01 00:00:00,8.9
2018-07-27 00:00:00,1964-01-01 00:00:00,8.7
2014-09-26 00:00:00,1964-04-01 00:00:00,4.8
2018-07-27 00:00:00,1964-04-01 00:00:00,4.4
2014-09-26 00:00:00,1964-07-01 00:00:00,5.5
2018-07-27 00:00:00,1964-07-01 00:00:00,6.4
2014-09-26 00:00:00,1964-10-01 00:00:00,1.4
2018-07-27 00:00:00,1964-10-01 00:00:00,1.2
2014-09-26 00:00:00,1965-01-01 00:00:00,10.2
2018-07-27 00:00:00,1965-01-01 00:00:00,10.0
2014-09-26 00:00:00,1965-04-01 00:00:00,5.6
2018-07-27 00:00:00,1965-04-01 00:00:00,5.1
2021-07-29 00:00:00,1965-04-01 00:00:00,5.2
2014-09-26 00:00:00,1965-07-01 00:00:00,8.4
2018-07-27 00:00:00,1965-07-01 00:00:00,9.2
2014-09-26 00:00:00,1965-10-01 00:00:00,9.8
2018-07-27 00:00:00,1965-10-01 00:00:00,9.5
2014-09-26 00:00:00,1966-01-01 00:00:00,10.2
2018-07-27 00:00:00,1966-01-01 00:00:00,10.1
2014-09-26 00:00:00,1966-04-01 00:00:00,1.6
2018-07-27 00:00:00,1966-04-01 00:00:00,1.4
2014-09-26 00:00:00,1966-07-01 00:00:00,2.9
2018-07-27 00:00:00,1966-07-01 00:00:00,3.4
2014-09-26 00:00:00,1966-10-01 00:00:00,3.5
2018-07-27 00:00:00,1966-10-01 00:00:00,3.3
2014-09-26 00:00:00,1967-01-01 00:00:00,3.7
2018-07-27 00:00:00,1967-01-01 00:00:00,3.6
2014-09-26 00:00:00,1967-04-01 00:00:00,0.3
2018-07-27 00:00:00,1967-04-01 00:00:00,0.2
2021-07-29 00:00:00,1967-04-01 00:00:00,0.3
2023-09-28 00:00:00,1967-04-01 00:00:00,0.2
2014-09-26 00:00:00,1967-07-01 00:00:00,3.5
2018-07-27 00:00:00,1967-07-01 00:00:00,3.8
2014-09-26 00:00:00,1967-10-01 00:00:00,3.2
2018-07-27 00:00:00,1967-10-01 00:00:00,3.0
2021-07-29 00:00:00,1967-10-01 00:00:00,3.1
2014-09-26 00:00:00,1968-01-01 00:00:00,8.4
2014-09-26 00:00:00,1968-04-01 00:00:00,6.9
2014-09-26 00:00:00,1968-07-01 00:00:00,2.9
2018-07-27 00:00:00,1968-07-01 00:00:00,3.1
2014-09-26 00:00:00,1968-10-01 00:00:00,1.8
2018-07-27 00:00:00,1968-10-01 00:00:00,1.6
2014-09-26 00:00:00,1969-01-01 00:00:00,6.4
2014-09-26 00:00:00,1969-04-01 00:00:00,1.3
2018-07-27 00:00:00,1969-04-01 00:00:00,1.2
2014-09-26 00:00:00,1969-07-01 00:00:00,2.5
2018-07-27 00:00:00,1969-07-01 00:00:00,2.7
2014-09-26 00:00:00,1969-10-01 00:00:00,-1.7
2018-07-27 00:00:00,1969-10-01 00:00:00,-1.9
2014-09-26 00:00:00,1970-01-01 00:00:00,-0.7
2018-07-27 00:00:00,1970-01-01 00:00:00,-0.6
2014-09-26 00:00:00,1970-04-01 00:00:00,0.7
2018-07-27 00:00:00,1970-04-01 00:00:00,0.6
2014-09-26 00:00:00,1970-07-01 00:00:00,3.6
2018-07-27 00:00:00,1970-07-01 00:00:00,3.7
2014-09-26 00:00:00,1970-10-01 00:00:00,-4.0
2018-07-27 00:00:00,1970-10-01 00:00:00,-4.2
2014-09-26 00:00:00,1971-01-01 00:00:00,11.1
2018-07-27 00:00:00,1971-01-01 00:00:00,11.3
2014-09-26 00:00:00,1971-04-01 00:00:00,2.3
2018-07-27 00:00:00,1971-04-01 00:00:00,2.2
2014-09-26 00:00:00,1971-07-01 00:00:00,3.2
2018-07-27 00:00:00,1971-07-01 00:00:00,3.3
2014-09-26 00:00:00,1971-10-01 00:00:00,1.2
2018-07-27 00:00:00,1971-10-01 00:00:00,0.9
2021-07-29 00:00:00,1971-10-01 00:00:00,1.0
2023-09-28 00:00:00,1971-10-01 00:00:00,0.9
2014-09-26 00:00:00,1972-01-01 00:00:00,7.4
2018-07-27 00:00:00,1972-01-01 00:00:00,7.6
2014-09-26 00:00:00,1972-04-01 00:00:00,9.6
2018-07-27 00:00:00,1972-04-01 00:00:00,9.4
2014-09-26 00:00:00,1972-07-01 00:00:00,3.7
2018-07-27 00:00:00,1972-07-01 00:00:00,3.8
2014-09-26 00:00:00,1972-10-01 00:00:00,6.8
2018-07-27 00:00:00,1972-10-01 00:00:00,6.9
2014-09-26 00:00:00,1973-01-01 00:00:00,10.2
2018-07-27 00:00:00,1973-01-01 00:00:00,10.3
2014-09-26 00:00:00,1973-04-01 00:00:00,4.6
2018-07-27 00:00:00,1973-04-01 00:00:00,4.4
2014-09-26 00:00:00,1973-07-01 00:00:00,-2.2
2018-07-27 00:00:00,1973-07-01 00:00:00,-2.1
2014-09-26 00:00:00,1973-10-01 00:00:00,3.8
2021-07-29 00:00:00,1973-10-01 00:00:00,3.9
2014-09-26 00:00:00,1974-01-01 00:00:00,-3.3
2018-07-27 00:00:00,1974-01-01 00:00:00,-3.4
2014-09-26 00:00:00,1974-04-01 00:00:00,1.1
2018-07-27 00:00:00,1974-04-01 00:00:00,1.0
2014-09-26 00:00:00,1974-07-01 00:00:00,-3.8
2018-07-27 00:00:00,1974-07-01 00:00:00,-3.7
2014-09-26 00:00:00,1974-10-01 00:00:00,-1.6
2018-07-27 00:00:00,1974-10-01 00:00:00,-1.5
2014-09-26 00:00:00,1975-01-01 00:00:00,-4.7
2018-07-27 00:00:00,1975-01-01 00:00:00,-4.8
2014-09-26 00:00:00,1975-04-01 00:00:00,3.1
2018-07-27 00:00:00,1975-04-01 00:00:00,2.9
2014-09-26 00:00:00,1975-07-01 00:00:00,6.8
2018-07-27 00:00:00,1975-07-01 00:00:00,7.0
2014-09-26 00:00:00,1975-10-01 00:00:00,5.5
2014-09-26 00:00:00,1976-01-01 00:00:00,9.3
2014-09-26 00:00:00,1976-04-01 00:00:00,3.1
2018-07-27 00:00:00,1976-04-01 00:00:00,3.0
2014-09-26 00:00:00,1976-07-01 00:00:00,2.1
2018-07-27 00:00:00,1976-07-01 00:00:00,2.2
2014-09-26 00:00:00,1976-10-01 00:00:00,3.0
2018-07-27 00:00:00,1976-10-01 00:00:00,2.9
2014-09-26 00:00:00,1977-01-01 00:00:00,4.7
2018-07-27 00:00:00,1977-01-01 00:00:00,4.8
2014-09-26 00:00:00,1977-04-01 00:00:00,8.1
2018-07-27 00:00:00,1977-04-01 00:00:00,8.0
2014-09-26 00:00:00,1977-07-01 00:00:00,7.3
2018-07-27 00:00:00,1977-07-01 00:00:00,7.4
2014-09-26 00:00:00,1977-10-01 00:00:00,0.0
2014-09-26 00:00:00,1978-01-01 00:00:00,1.4
2018-07-27 00:00:00,1978-01-01 00:00:00,1.3
2014-09-26 00:00:00,1978-04-01 00:00:00,16.5
2018-07-27 00:00:00,1978-04-01 00:00:00,16.4
2014-09-26 00:00:00,1978-07-01 00:00:00,4.0
2018-07-27 00:00:00,1978-07-01 00:00:00,4.1
2014-09-26 00:00:00,1978-10-01 00:00:00,5.5
2014-09-26 00:00:00,1979-01-01 00:00:00,0.8
2018-07-27 00:00:00,1979-01-01 00:00:00,0.7
2014-09-26 00:00:00,1979-04-01 00:00:00,0.5
2018-07-27 00:00:00,1979-04-01 00:00:00,0.4
2014-09-26 00:00:00,1979-07-01 00:00:00,2.9
2018-07-27 00:00:00,1979-07-01 00:00:00,3.0
2014-09-26 00:00:00,1979-10-01 00:00:00,1.0
2014-09-26 00:00:00,1980-01-01 00:00:00,1.3
2014-09-26 00:00:00,1980-04-01 00:00:00,-7.9
2018-07-27 00:00:00,1980-04-01 00:00:00,-8.0
2014-09-26 00:00:00,1980-07-01 00:00:00,-0.6
2018-07-27 00:00:00,1980-07-01 00:00:00,-0.5
2014-09-26 00:00:00,1980-10-01 00:00:00,7.6
2018-07-27 00:00:00,1980-10-01 00:00:00,7.7
2014-09-26 00:00:00,1981-01-01 00:00:00,8.5
2018-07-27 00:00:00,1981-01-01 00:00:00,8.1
2014-09-26 00:00:00,1981-04-01 00:00:00,-2.9
2014-09-26 00:00:00,1981-07-01 00:00:00,4.7
2018-07-27 00:00:00,1981-07-01 00:00:00,4.9
2014-09-26 00:00:00,1981-10-01 00:00:00,-4.6
2018-07-27 00:00:00,1981-10-01 00:00:00,-4.3
2014-09-26 00:00:00,1982-01-01 00:00:00,-6.5
2018-07-27 00:00:00,1982-01-01 00:00:00,-6.1
2014-09-26 00:00:00,1982-04-01 00:00:00,2.2
2018-07-27 00:00:00,1982-04-01 00:00:00,1.8
2014-09-26 00:00:00,1982-07-01 00:00:00,-1.4
2018-07-27 00:00:00,1982-07-01 00:00:00,-1.5
2014-09-26 00:00:00,1982-10-01 00:00:00,0.4
2018-07-27 00:00:00,1982-10-01 00:00:00,0.2
2014-09-26 00:00:00,1983-01-01 00:00:00,5.3
2018-07-27 00:00:00,1983-01-01 00:00:00,5.4
2014-09-26 00:00:00,1983-04-01 00:00:00,9.4
2014-09-26 00:00:00,1983-07-01 00:00:00,8.1
2018-07-27 00:00:00,1983-07-01 00:00:00,8.2
2014-09-26 00:00:00,1983-10-01 00:00:00,8.5
2018-07-27 00:00:00,1983-10-01 00:00:00,8.6
2014-09-26 00:00:00,1984-01-01 00:00:00,8.2
2018-07-27 00:00:00,1984-01-01 00:00:00,8.1
2014-09-26 00:00:00,1984-04-01 00:00:00,7.2
2018-07-27 00:00:00,1984-04-01 00:00:00,7.1
2014-09-26 00:00:00,1984-07-01 00:00:00,4.0
2018-07-27 00:00:00,1984-07-01 00:00:00,3.9
2014-09-26 00:00:00,1984-10-01 00:00:00,3.2
2018-07-27 00:00:00,1984-10-01 00:00:00,3.3
2014-09-26 00:00:00,1985-01-01 00:00:00,4.0
2018-07-27 00:00:00,1985-01-01 00:00:00,3.9
2014-09-26 00:00:00,1985-04-01 00:00:00,3.7
2018-07-27 00:00:00,1985-04-01 00:00:00,3.6
2014-09-26 00:00:00,1985-07-01 00:00:00,6.4
2018-07-27 00:00:00,1985-07-01 00:00:00,6.2
2023-09-28 00:00:00,1985-07-01 00:00:00,6.3
2014-09-26 00:00:00,1985-10-01 00:00:00,3.0
2014-09-26 00:00:00,1986-01-01 00:00:00,3.8
2014-09-26 00:00:00,1986-04-01 00:00:00,1.9
2018-07-27 00:00:00,1986-04-01 00:00:00,1.8
2014-09-26 00:00:00,1986-07-01 00:00:00,4.1
2018-07-27 00:00:00,1986-07-01 00:00:00,3.9
2014-09-26 00:00:00,1986-10-01 00:00:00,2.1
2018-07-27 00:00:00,1986-10-01 00:00:00,2.2
2014-09-26 00:00:00,1987-01-01 00:00:00,2.8
2018-07-27 00:00:00,1987-01-01 00:00:00,3.0
2014-09-26 00:00:00,1987-04-01 00:00:00,4.6
2018-07-27 00:00:00,1987-04-01 00:00:00,4.4
2014-09-26 00:00:00,1987-07-01 00:00:00,3.7
2018-07-27 00:00:00,1987-07-01 00:00:00,3.5
2014-09-26 00:00:00,1987-10-01 00:00:00,6.8
2018-07-27 00:00:00,1987-10-01 00:00:00,7.0
2014-09-26 00:00:00,1988-01-01 00:00:00,2.3
2018-07-27 00:00:00,1988-01-01 00:00:00,2.1
2014-09-26 00:00:00,1988-04-01 00:00:00,5.4
2014-09-26 00:00:00,1988-07-01 00:00:00,2.3
2018-07-27 00:00:00,1988-07-01 00:00:00,2.4
2014-09-26 00:00:00,1988-10-01 00:00:00,5.4
2014-09-26 00:00:00,1989-01-01 00:00:00,4.1
2014-09-26 00:00:00,1989-04-01 00:00:00,3.2
2018-07-27 00:00:00,1989-04-01 00:00:00,3.1
2014-09-26 00:00:00,1989-07-01 00:00:00,3.0
2014-09-26 00:00:00,1989-10-01 00:00:00,0.9
2018-07-27 00:00:00,1989-10-01 00:00:00,0.8
2014-09-26 00:00:00,1990-01-01 00:00:00,4.5
2018-07-27 00:00:00,1990-01-01 00:00:00,4.4
2014-09-26 00:00:00,1990-04-01 00:00:00,1.6
2018-07-27 00:00:00,1990-04-01 00:00:00,1.5
2014-09-26 00:00:00,1990-07-01 00:00:00,0.1
2018-07-27 00:00:00,1990-07-01 00:00:00,0.3
2014-09-26 00:00:00,1990-10-01 00:00:00,-3.4
2018-07-27 00:00:00,1990-10-01 00:00:00,-3.6
2014-09-26 00:00:00,1991-01-01 00:00:00,-1.9
2014-09-26 00:00:00,1991-04-01 00:00:00,3.1
2018-07-27 00:00:00,1991-04-01 00:00:00,3.2
2014-09-26 00:00:00,1991-07-01 00:00:00,1.9
2018-07-27 00:00:00,1991-07-01 00:00:00,2.0
2014-09-26 00:00:00,1991-10-01 00:00:00,1.8
2018-07-27 00:00:00,1991-10-01 00:00:00,1.4
2014-09-26 00:00:00,1992-01-01 00:00:00,4.8
2018-07-27 00:00:00,1992-01-01 00:00:00,4.9
2014-09-26 00:00:00,1992-04-01 00:00:00,4.5
2018-07-27 00:00:00,1992-04-01 00:00:00,4.4
2014-09-26 00:00:00,1992-07-01 00:00:00,3.9
2018-07-27 00:00:00,1992-07-01 00:00:00,4.0
2014-09-26 00:00:00,1992-10-01 00:00:00,4.1
2018-07-27 00:00:00,1992-10-01 00:00:00,4.2
2014-09-26 00:00:00,1993-01-01 00:00:00,0.8
2018-07-27 00:00:00,1993-01-01 00:00:00,0.7
2014-09-26 00:00:00,1993-04-01 00:00:00,2.4
2018-07-27 00:00:00,1993-04-01 00:00:00,2.3
2014-09-26 00:00:00,1993-07-01 00:00:00,2.0
2018-07-27 00:00:00,1993-07-01 00:00:00,1.9
2014-09-26 00:00:00,1993-10-01 00:00:00,5.4
2018-07-27 00:00:00,1993-10-01 00:00:00,5.6
2021-07-29 00:00:00,1993-10-01 00:00:00,5.5
2023-09-28 00:00:00,1993-10-01 00:00:00,5.6
2014-09-26 00:00:00,1994-01-01 00:00:00,4.0
2018-07-27 00:00:00,1994-01-01 00:00:00,3.9
2014-09-26 00:00:00,1994-04-01 00:00:00,5.6
2018-07-27 00:00:00,1994-04-01 00:00:00,5.5
2014-09-26 00:00:00,1994-07-01 00:00:00,2.4
2014-09-26 00:00:00,1994-10-01 00:00:00,4.6
2018-07-27 00:00:00,1994-10-01 00:00:00,4.7
2014-09-26 00:00:00,1995-01-01 00:00:00,1.4
2014-09-26 00:00:00,1995-04-01 00:00:00,1.4
2018-07-27 00:00:00,1995-04-01 00:00:00,1.2
2014-09-26 00:00:00,1995-07-01 00:00:00,3.5
2021-07-29 00:00:00,1995-07-01 00:00:00,3.4
2023-09-28 00:00:00,1995-07-01 00:00:00,3.5
2014-09-26 00:00:00,1995-10-01 00:00:00,2.9
2018-07-27 00:00:00,1995-10-01 00:00:00,2.7
2014-09-26 00:00:00,1996-01-01 00:00:00,2.7
2018-07-27 00:00:00,1996-01-01 00:00:00,3.0
2014-09-26 00:00:00,1996-04-01 00:00:00,7.2
2018-07-27 00:00:00,1996-04-01 00:00:00,6.8
2014-09-26 00:00:00,1996-07-01 00:00:00,3.7
2018-07-27 00:00:00,1996-07-01 00:00:00,3.6
2014-09-26 00:00:00,1996-10-01 00:00:00,4.3
2018-07-27 00:00:00,1996-10-01 00:00:00,4.2
2014-09-26 00:00:00,1997-01-01 00:00:00,3.1
2018-07-27 00:00:00,1997-01-01 00:00:00,2.6
2014-09-26 00:00:00,1997-04-01 00:00:00,6.2
2018-07-27 00:00:00,1997-04-01 00:00:00,6.8
2014-09-26 00:00:00,1997-07-01 00:00:00,5.2
2018-07-27 00:00:00,1997-07-01 00:00:00,5.1
2014-09-26 00:00:00,1997-10-01 00:00:00,3.1
2018-07-27 00:00:00,1997-10-01 00:00:00,3.5
2014-09-26 00:00:00,1998-01-01 00:00:00,4.0
2018-07-27 00:00:00,1998-01-01 00:00:00,4.1
2014-09-26 00:00:00,1998-04-01 00:00:00,3.9
2018-07-27 00:00:00,1998-04-01 00:00:00,3.8
2014-09-26 00:00:00,1998-07-01 00:00:00,5.3
2018-07-27 00:00:00,1998-07-01 00:00:00,5.1
2014-09-26 00:00:00,1998-10-01 00:00:00,6.7
2018-07-27 00:00:00,1998-10-01 00:00:00,6.6
2014-09-26 00:00:00,1999-01-01 00:00:00,3.2
2018-07-27 00:00:00,1999-01-01 00:00:00,3.8
2014-09-26 00:00:00,1999-04-01 00:00:00,3.3
2018-07-27 00:00:00,1999-04-01 00:00:00,3.1
2021-07-29 00:00:00,1999-04-01 00:00:00,3.4
2014-09-26 00:00:00,1999-07-01 00:00:00,5.1
2018-07-27 00:00:00,1999-07-01 00:00:00,5.3
2021-07-29 00:00:00,1999-07-01 00:00:00,5.4
2014-09-26 00:00:00,1999-10-01 00:00:00,7.1
2018-07-27 00:00:00,1999-10-01 00:00:00,7.0
2021-07-29 00:00:00,1999-10-01 00:00:00,6.7
2014-09-26 00:00:00,2000-01-01 00:00:00,1.2
2018-07-27 00:00:00,2000-01-01 00:00:00,1.5
2014-09-26 00:00:00,2000-04-01 00:00:00,7.8
2018-07-27 00:00:00,2000-04-01 00:00:00,7.5
2014-09-26 00:00:00,2000-07-01 00:00:00,0.5
2021-07-29 00:00:00,2000-07-01 00:00:00,0.4
2014-09-26 00:00:00,2000-10-01 00:00:00,2.3
2018-07-27 00:00:00,2000-10-01 00:00:00,2.5
2021-07-29 00:00:00,2000-10-01 00:00:00,2.4
2014-09-26 00:00:00,2001-01-01 00:00:00,-1.1
2021-07-29 00:00:00,2001-01-01 00:00:00,-1.3
2014-09-26 00:00:00,2001-04-01 00:00:00,2.1
2018-07-27 00:00:00,2001-04-01 00:00:00,2.4
2021-07-29 00:00:00,2001-04-01 00:00:00,2.5
2014-09-26 00:00:00,2001-07-01 00:00:00,-1.3
2018-07-27 00:00:00,2001-07-01 00:00:00,-1.7
2021-07-29 00:00:00,2001-07-01 00:00:00,-1.6
2014-09-26 00:00:00,2001-10-01 00:00:00,1.1
2014-09-26 00:00:00,2002-01-01 00:00:00,3.7
2018-07-27 00:00:00,2002-01-01 00:00:00,3.5
2021-07-29 00:00:00,2002-01-01 00:00:00,3.4
2014-09-26 00:00:00,2002-04-01 00:00:00,2.2
2018-07-27 00:00:00,2002-04-01 00:00:00,2.4
2021-07-29 00:00:00,2002-04-01 00:00:00,2.5
2014-09-26 00:00:00,2002-07-01 00:00:00,2.0
2018-07-27 00:00:00,2002-07-01 00:00:00,1.8
2021-07-29 00:00:00,2002-07-01 00:00:00,1.6
2014-09-26 00:00:00,2002-10-01 00:00:00,0.3
2018-07-27 00:00:00,2002-10-01 00:00:00,0.6
2021-07-29 00:00:00,2002-10-01 00:00:00,0.5
2014-09-26 00:00:00,2003-01-01 00:00:00,2.1
2018-07-27 00:00:00,2003-01-01 00:00:00,2.2
2021-07-29 00:00:00,2003-01-01 00:00:00,2.1
2014-09-26 00:00:00,2003-04-01 00:00:00,3.8
2018-07-27 00:00:00,2003-04-01 00:00:00,3.5
2021-07-29 00:00:00,2003-04-01 00:00:00,3.6
2014-09-26 00:00:00,2003-07-01 00:00:00,6.9
2018-07-27 00:00:00,2003-07-01 00:00:00,7.0
2021-07-29 00:00:00,2003-07-01 00:00:00,6.8
2014-09-26 00:00:00,2003-10-01 00:00:00,4.8
2018-07-27 00:00:00,2003-10-01 00:00:00,4.7
2014-09-26 00:00:00,2004-01-01 00:00:00,2.3
2018-07-27 00:00:00,2004-01-01 00:00:00,2.2
2021-07-29 00:00:00,2004-01-01 00:00:00,2.3
2014-09-26 00:00:00,2004-04-01 00:00:00,3.0
2018-07-27 00:00:00,2004-04-01 00:00:00,3.1
2021-07-29 00:00:00,2004-04-01 00:00:00,3.2
2023-09-28 00:00:00,2004-04-01 00:00:00,3.1
2014-09-26 00:00:00,2004-07-01 00:00:00,3.7
2018-07-27 00:00:00,2004-07-01 00:00:00,3.8
2014-09-26 00:00:00,2004-10-01 00:00:00,3.5
2018-07-27 00:00:00,2004-10-01 00:00:00,4.1
2021-07-29 00:00:00,2004-10-01 00:00:00,4.2
2023-09-28 00:00:00,2004-10-01 00:00:00,4.1
2014-09-26 00:00:00,2005-01-01 00:00:00,4.3
2018-07-27 00:00:00,2005-01-01 00:00:00,4.5
2014-09-26 00:00:00,2005-04-01 00:00:00,2.1
2018-07-27 00:00:00,2005-04-01 00:00:00,1.9
2021-07-29 00:00:00,2005-04-01 00:00:00,2.0
2014-09-26 00:00:00,2005-07-01 00:00:00,3.4
2018-07-27 00:00:00,2005-07-01 00:00:00,3.6
2021-07-29 00:00:00,2005-07-01 00:00:00,3.2
2014-09-26 00:00:00,2005-10-01 00:00:00,2.3
2018-07-27 00:00:00,2005-10-01 00:00:00,2.6
2021-07-29 00:00:00,2005-10-01 00:00:00,2.3
2023-09-28 00:00:00,2005-10-01 00:00:00,2.2
2014-09-26 00:00:00,2006-01-01 00:00:00,4.9
2018-07-27 00:00:00,2006-01-01 00:00:00,5.4
2021-07-29 00:00:00,2006-01-01 00:00:00,5.5
2014-09-26 00:00:00,2006-04-01 00:00:00,1.2
2018-07-27 00:00:00,2006-04-01 00:00:00,0.9
2021-07-29 00:00:00,2006-04-01 00:00:00,1.0
2014-09-26 00:00:00,2006-07-01 00:00:00,0.4
2018-07-27 00:00:00,2006-07-01 00:00:00,0.6
2014-09-26 00:00:00,2006-10-01 00:00:00,3.2
2018-07-27 00:00:00,2006-10-01 00:00:00,3.5
2021-07-29 00:00:00,2006-10-01 00:00:00,3.4
2023-09-28 00:00:00,2006-10-01 00:00:00,3.5
2014-09-26 00:00:00,2007-01-01 00:00:00,0.2
2018-07-27 00:00:00,2007-01-01 00:00:00,0.9
2021-07-29 00:00:00,2007-01-01 00:00:00,1.2
2014-09-26 00:00:00,2007-04-01 00:00:00,3.1
2018-07-27 00:00:00,2007-04-01 00:00:00,2.3
2021-07-29 00:00:00,2007-04-01 00:00:00,2.6
2023-09-28 00:00:00,2007-04-01 00:00:00,2.5
2014-09-26 00:00:00,2007-07-01 00:00:00,2.7
2018-07-27 00:00:00,2007-07-01 00:00:00,2.2
2021-07-29 00:00:00,2007-07-01 00:00:00,2.4
2023-09-28 00:00:00,2007-07-01 00:00:00,2.3
2014-09-26 00:00:00,2007-10-01 00:00:00,1.4
2018-07-27 00:00:00,2007-10-01 00:00:00,2.5
2014-09-26 00:00:00,2008-01-01 00:00:00,-2.7
2018-07-27 00:00:00,2008-01-01 00:00:00,-2.3
2021-07-29 00:00:00,2008-01-01 00:00:00,-1.6
2023-09-28 00:00:00,2008-01-01 00:00:00,-1.7
2014-09-26 00:00:00,2008-04-01 00:00:00,2.0
2018-07-27 00:00:00,2008-04-01 00:00:00,2.1
2021-07-29 00:00:00,2008-04-01 00:00:00,2.3
2023-09-28 00:00:00,2008-04-01 00:00:00,2.4
2014-09-26 00:00:00,2008-07-01 00:00:00,-1.9
2018-07-27 00:00:00,2008-07-01 00:00:00,-2.1
2014-09-26 00:00:00,2008-10-01 00:00:00,-8.2
2018-07-27 00:00:00,2008-10-01 00:00:00,-8.4
2021-07-29 00:00:00,2008-10-01 00:00:00,-8.5
2014-09-26 00:00:00,2009-01-01 00:00:00,-5.4
2018-07-27 00:00:00,2009-01-01 00:00:00,-4.4
2021-07-29 00:00:00,2009-01-01 00:00:00,-4.6
2023-09-28 00:00:00,2009-01-01 00:00:00,-4.5
2014-09-26 00:00:00,2009-04-01 00:00:00,-0.5
2018-07-27 00:00:00,2009-04-01 00:00:00,-0.6
2021-07-29 00:00:00,2009-04-01 00:00:00,-0.7
2014-09-26 00:00:00,2009-07-01 00:00:00,1.3
2018-07-27 00:00:00,2009-07-01 00:00:00,1.5
2023-09-28 00:00:00,2009-07-01 00:00:00,1.4
2014-09-26 00:00:00,2009-10-01 00:00:00,3.9
2018-07-27 00:00:00,2009-10-01 00:00:00,4.5
2021-07-29 00:00:00,2009-10-01 00:00:00,4.3
2023-09-28 00:00:00,2009-10-01 00:00:00,4.4
2014-09-26 00:00:00,2010-01-01 00:00:00,1.7
2018-07-27 00:00:00,2010-01-01 00:00:00,1.5
2021-07-29 00:00:00,2010-01-01 00:00:00,2.0
2023-09-28 00:00:00,2010-01-01 00:00:00,1.9
2014-09-26 00:00:00,2010-04-01 00:00:00,3.9
2018-07-27 00:00:00,2010-04-01 00:00:00,3.7
2021-07-29 00:00:00,2010-04-01 00:00:00,3.9
2014-09-26 00:00:00,2010-07-01 00:00:00,2.7
2018-07-27 00:00:00,2010-07-01 00:00:00,3.0
2021-07-29 00:00:00,2010-07-01 00:00:00,3.1
2014-09-26 00:00:00,2010-10-01 00:00:00,2.5
2018-07-27 00:00:00,2010-10-01 00:00:00,2.0
2021-07-29 00:00:00,2010-10-01 00:00:00,2.1
2014-09-26 00:00:00,2011-01-01 00:00:00,-1.5
2018-07-27 00:00:00,2011-01-01 00:00:00,-1.0
2023-09-28 00:00:00,2011-01-01 00:00:00,-0.9
2014-09-26 00:00:00,2011-04-01 00:00:00,2.9
2021-07-29 00:00:00,2011-04-01 00:00:00,2.7
2014-09-26 00:00:00,2011-07-01 00:00:00,0.8
2018-07-27 00:00:00,2011-07-01 00:00:00,-0.1
2021-07-29 00:00:00,2011-07-01 00:00:00,-0.2
2023-09-28 00:00:00,2011-07-01 00:00:00,-0.1
2014-09-26 00:00:00,2011-10-01 00:00:00,4.6
2018-07-27 00:00:00,2011-10-01 00:00:00,4.7
2021-07-29 00:00:00,2011-10-01 00:00:00,4.6
2014-09-26 00:00:00,2012-01-01 00:00:00,2.3
2015-07-30 00:00:00,2012-01-01 00:00:00,2.7
2018-07-27 00:00:00,2012-01-01 00:00:00,3.2
2021-07-29 00:00:00,2012-01-01 00:00:00,3.3
2023-09-28 00:00:00,2012-01-01 00:00:00,3.4
2014-09-26 00:00:00,2012-04-01 00:00:00,1.6
2015-07-30 00:00:00,2012-04-01 00:00:00,1.9
2018-07-27 00:00:00,2012-04-01 00:00:00,1.7
2021-07-29 00:00:00,2012-04-01 00:00:00,1.8
2014-09-26 00:00:00,2012-07-01 00:00:00,2.5
2015-07-30 00:00:00,2012-07-01 00:00:00,0.5
2021-07-29 00:00:00,2012-07-01 00:00:00,0.7
2023-09-28 00:00:00,2012-07-01 00:00:00,0.6
2014-09-26 00:00:00,2012-10-01 00:00:00,0.1
2018-07-27 00:00:00,2012-10-01 00:00:00,0.5
2021-07-29 00:00:00,2012-10-01 00:00:00,0.4
2023-09-28 00:00:00,2012-10-01 00:00:00,0.5
2014-09-26 00:00:00,2013-01-01 00:00:00,2.7
2015-07-30 00:00:00,2013-01-01 00:00:00,1.9
2016-07-29 00:00:00,2013-01-01 00:00:00,2.8
2018-07-27 00:00:00,2013-01-01 00:00:00,3.6
2021-07-29 00:00:00,2013-01-01 00:00:00,3.5
2023-09-28 00:00:00,2013-01-01 00:00:00,4.0
2014-09-26 00:00:00,2013-04-01 00:00:00,1.8
2015-07-30 00:00:00,2013-04-01 00:00:00,1.1
2016-07-29 00:00:00,2013-04-01 00:00:00,0.8
2018-07-27 00:00:00,2013-04-01 00:00:00,0.5
2021-07-29 00:00:00,2013-04-01 00:00:00,0.6
2023-09-28 00:00:00,2013-04-01 00:00:00,1.1
2014-09-26 00:00:00,2013-07-01 00:00:00,4.5
2015-07-30 00:00:00,2013-07-01 00:00:00,3.0
2016-07-29 00:00:00,2013-07-01 00:00:00,3.1
2018-07-27 00:00:00,2013-07-01 00:00:00,3.2
2023-09-28 00:00:00,2013-07-01 00:00:00,3.5
2014-09-26 00:00:00,2013-10-01 00:00:00,3.5
2015-07-30 00:00:00,2013-10-01 00:00:00,3.8
2016-07-29 00:00:00,2013-10-01 00:00:00,4.0
2018-07-27 00:00:00,2013-10-01 00:00:00,3.2
2021-07-29 00:00:00,2013-10-01 00:00:00,2.9
2023-09-28 00:00:00,2013-10-01 00:00:00,3.5
2014-09-26 00:00:00,2014-01-01 00:00:00,-2.1
2015-07-30 00:00:00,2014-01-01 00:00:00,-0.9
2016-07-29 00:00:00,2014-01-01 00:00:00,-1.2
2017-07-28 00:00:00,2014-01-01 00:00:00,-0.9
2018-07-27 00:00:00,2014-01-01 00:00:00,-1.0
2019-07-26 00:00:00,2014-01-01 00:00:00,-1.1
2021-07-29 00:00:00,2014-01-01 00:00:00,-1.4
2014-09-26 00:00:00,2014-04-01 00:00:00,4.6
2016-07-29 00:00:00,2014-04-01 00:00:00,4.0
2017-07-28 00:00:00,2014-04-01 00:00:00,4.6
2018-07-27 00:00:00,2014-04-01 00:00:00,5.1
2019-07-26 00:00:00,2014-04-01 00:00:00,5.5
2021-07-29 00:00:00,2014-04-01 00:00:00,5.2
2023-09-28 00:00:00,2014-04-01 00:00:00,5.3
2014-10-30 00:00:00,2014-07-01 00:00:00,3.5
2014-11-25 00:00:00,2014-07-01 00:00:00,3.9
2014-12-23 00:00:00,2014-07-01 00:00:00,5.0
2015-07-30 00:00:00,2014-07-01 00:00:00,4.3
2016-07-29 00:00:00,2014-07-01 00:00:00,5.0
2017-07-28 00:00:00,2014-07-01 00:00:00,5.2
2018-07-27 00:00:00,2014-07-01 00:00:00,4.9
2019-07-26 00:00:00,2014-07-01 00:00:00,5.0
2021-07-29 00:00:00,2014-07-01 00:00:00,4.7
2023-09-28 00:00:00,2014-07-01 00:00:00,5.0
2015-01-30 00:00:00,2014-10-01 00:00:00,2.6
2015-02-27 00:00:00,2014-10-01 00:00:00,2.2
2015-07-30 00:00:00,2014-10-01 00:00:00,2.1
2016-07-29 00:00:00,2014-10-01 00:00:00,2.3
2017-07-28 00:00:00,2014-10-01 00:00:00,2.0
2018-07-27 00:00:00,2014-10-01 00:00:00,1.9
2019-07-26 00:00:00,2014-10-01 00:00:00,2.3
2021-07-29 00:00:00,2014-10-01 00:00:00,1.8
2023-09-28 00:00:00,2014-10-01 00:00:00,2.0
2015-04-29 00:00:00,2015-01-01 00:00:00,0.2
2015-05-29 00:00:00,2015-01-01 00:00:00,-0.7
2015-06-24 00:00:00,2015-01-01 00:00:00,-0.2
2015-07-30 00:00:00,2015-01-01 00:00:00,0.6
2016-07-29 00:00:00,2015-01-01 00:00:00,2.0
2017-07-28 00:00:00,2015-01-01 00:00:00,3.2
2018-07-27 00:00:00,2015-01-01 00:00:00,3.3
2019-07-26 00:00:00,2015-01-01 00:00:00,3.2
2020-07-30 00:00:00,2015-01-01 00:00:00,3.8
2021-07-29 00:00:00,2015-01-01 00:00:00,3.3
2023-09-28 00:00:00,2015-01-01 00:00:00,3.6
2015-07-30 00:00:00,2015-04-01 00:00:00,2.3
2015-08-27 00:00:00,2015-04-01 00:00:00,3.7
2015-09-25 00:00:00,2015-04-01 00:00:00,3.9
2016-07-29 00:00:00,2015-04-01 00:00:00,2.6
2017-07-28 00:00:00,2015-04-01 00:00:00,2.7
2018-07-27 00:00:00,2015-04-01 00:00:00,3.3
2019-07-26 00:00:00,2015-04-01 00:00:00,3.0
2020-07-30 00:00:00,2015-04-01 00:00:00,2.7
2021-07-29 00:00:00,2015-04-01 00:00:00,2.3
2023-09-28 00:00:00,2015-04-01 00:00:00,2.5
2015-10-29 00:00:00,2015-07-01 00:00:00,1.5
2015-11-24 00:00:00,2015-07-01 00:00:00,2.1
2015-12-22 00:00:00,2015-07-01 00:00:00,2.0
2017-07-28 00:00:00,2015-07-01 00:00:00,1.6
2018-07-27 00:00:00,2015-07-01 00:00:00,1.0
2019-07-26 00:00:00,2015-07-01 00:00:00,1.3
2020-07-30 00:00:00,2015-07-01 00:00:00,1.5
2021-07-29 00:00:00,2015-07-01 00:00:00,1.3
2023-09-28 00:00:00,2015-07-01 00:00:00,1.6
2016-01-29 00:00:00,2015-10-01 00:00:00,0.7
2016-02-26 00:00:00,2015-10-01 00:00:00,1.0
2016-03-25 00:00:00,2015-10-01 00:00:00,1.4
2016-07-29 00:00:00,2015-10-01 00:00:00,0.9
2017-07-28 00:00:00,2015-10-01 00:00:00,0.5
2018-07-27 00:00:00,2015-10-01 00:00:00,0.4
2019-07-26 00:00:00,2015-10-01 00:00:00,0.1
2020-07-30 00:00:00,2015-10-01 00:00:00,0.6
2023-09-28 00:00:00,2015-10-01 00:00:00,0.7
2016-04-28 00:00:00,2016-01-01 00:00:00,0.5
2016-05-27 00:00:00,2016-01-01 00:00:00,0.8
2016-06-28 00:00:00,2016-01-01 00:00:00,1.1
2016-07-29 00:00:00,2016-01-01 00:00:00,0.8
2017-07-28 00:00:00,2016-01-01 00:00:00,0.6
2018-07-27 00:00:00,2016-01-01 00:00:00,1.5
2019-07-26 00:00:00,2016-01-01 00:00:00,2.0
2020-07-30 00:00:00,2016-01-01 00:00:00,2.3
2021-07-29 00:00:00,2016-01-01 00:00:00,2.4
2023-09-28 00:00:00,2016-01-01 00:00:00,2.3
2016-07-29 00:00:00,2016-04-01 00:00:00,1.2
2016-08-26 00:00:00,2016-04-01 00:00:00,1.1
2016-09-29 00:00:00,2016-04-01 00:00:00,1.4
2017-07-28 00:00:00,2016-04-01 00:00:00,2.2
2018-07-27 00:00:00,2016-04-01 00:00:00,2.3
2019-07-26 00:00:00,2016-04-01 00:00:00,1.9
2020-07-30 00:00:00,2016-04-01 00:00:00,1.3
2021-07-29 00:00:00,2016-04-01 00:00:00,1.2
2023-09-28 00:00:00,2016-04-01 00:00:00,1.3
2016-10-28 00:00:00,2016-07-01 00:00:00,2.9
2016-11-29 00:00:00,2016-07-01 00:00:00,3.2
2016-12-22 00:00:00,2016-07-01 00:00:00,3.5
2017-07-28 00:00:00,2016-07-01 00:00:00,2.8
2018-07-27 00:00:00,2016-07-01 00:00:00,1.9
2019-07-26 00:00:00,2016-07-01 00:00:00,2.2
2021-07-29 00:00:00,2016-07-01 00:00:00,2.4
2023-09-28 00:00:00,2016-07-01 00:00:00,2.9
2017-01-27 00:00:00,2016-10-01 00:00:00,1.9
2017-03-30 00:00:00,2016-10-01 00:00:00,2.1
2017-07-28 00:00:00,2016-10-01 00:00:00,1.8
2019-07-26 00:00:00,2016-10-01 00:00:00,2.0
2020-07-30 00:00:00,2016-10-01 00:00:00,2.5
2021-07-29 00:00:00,2016-10-01 00:00:00,2.0
2023-09-28 00:00:00,2016-10-01 00:00:00,2.2
2017-04-28 00:00:00,2017-01-01 00:00:00,0.7
2017-05-26 00:00:00,2017-01-01 00:00:00,1.2
2017-06-29 00:00:00,2017-01-01 00:00:00,1.4
2017-07-28 00:00:00,2017-01-01 00:00:00,1.2
2018-07-27 00:00:00,2017-01-01 00:00:00,1.8
2019-07-26 00:00:00,2017-01-01 00:00:00,2.3
2021-07-29 00:00:00,2017-01-01 00:00:00,1.9
2022-09-29 00:00:00,2017-01-01 00:00:00,1.7
2023-09-28 00:00:00,2017-01-01 00:00:00,2.0
2017-07-28 00:00:00,2017-04-01 00:00:00,2.6
2017-08-30 00:00:00,2017-04-01 00:00:00,3.0
2017-09-28 00:00:00,2017-04-01 00:00:00,3.1
2018-07-27 00:00:00,2017-04-01 00:00:00,3.0
2019-07-26 00:00:00,2017-04-01 00:00:00,2.2
2020-07-30 00:00:00,2017-04-01 00:00:00,1.7
2021-07-29 00:00:00,2017-04-01 00:00:00,2.3
2022-09-29 00:00:00,2017-04-01 00:00:00,2.0
2023-09-28 00:00:00,2017-04-01 00:00:00,2.3
2017-10-27 00:00:00,2017-07-01 00:00:00,3.0
2017-11-29 00:00:00,2017-07-01 00:00:00,3.3
2017-12-21 00:00:00,2017-07-01 00:00:00,3.2
2018-07-27 00:00:00,2017-07-01 00:00:00,2.8
2019-07-26 00:00:00,2017-07-01 00:00:00,3.2
2020-07-30 00:00:00,2017-07-01 00:00:00,2.9
2022-09-29 00:00:00,2017-07-01 00:00:00,3.4
2023-09-28 00:00:00,2017-07-01 00:00:00,3.2
2018-01-26 00:00:00,2017-10-01 00:00:00,2.6
2018-02-28 00:00:00,2017-10-01 00:00:00,2.5
2018-03-28 00:00:00,2017-10-01 00:00:00,2.9
2018-07-27 00:00:00,2017-10-01 00:00:00,2.3
2019-07-26 00:00:00,2017-10-01 00:00:00,3.5
2020-07-30 00:00:00,2017-10-01 00:00:00,3.9
2021-07-29 00:00:00,2017-10-01 00:00:00,3.8
2022-09-29 00:00:00,2017-10-01 00:00:00,4.1
2023-09-28 00:00:00,2017-10-01 00:00:00,4.6
2018-04-27 00:00:00,2018-01-01 00:00:00,2.3
2018-05-30 00:00:00,2018-01-01 00:00:00,2.2
2018-06-28 00:00:00,2018-01-01 00:00:00,2.0
2018-07-27 00:00:00,2018-01-01 00:00:00,2.2
2019-07-26 00:00:00,2018-01-01 00:00:00,2.5
2020-07-30 00:00:00,2018-01-01 00:00:00,3.8
2021-07-29 00:00:00,2018-01-01 00:00:00,3.1
2022-09-29 00:00:00,2018-01-01 00:00:00,2.8
2023-09-28 00:00:00,2018-01-01 00:00:00,3.3
2018-07-27 00:00:00,2018-04-01 00:00:00,4.1
2018-08-29 00:00:00,2018-04-01 00:00:00,4.2
2019-07-26 00:00:00,2018-04-01 00:00:00,3.5
2020-07-30 00:00:00,2018-04-01 00:00:00,2.7
2021-07-29 00:00:00,2018-04-01 00:00:00,3.4
2022-09-29 00:00:00,2018-04-01 00:00:00,2.8
2023-09-28 00:00:00,2018-04-01 00:00:00,2.1
2018-10-26 00:00:00,2018-07-01 00:00:00,3.5
2018-12-21 00:00:00,2018-07-01 00:00:00,3.4
2019-07-26 00:00:00,2018-07-01 00:00:00,2.9
2020-07-30 00:00:00,2018-07-01 00:00:00,2.1
2021-07-29 00:00:00,2018-07-01 00:00:00,1.9
2022-09-29 00:00:00,2018-07-01 00:00:00,2.9
2023-09-28 00:00:00,2018-07-01 00:00:00,2.5
2019-02-28 00:00:00,2018-10-01 00:00:00,2.6
2019-03-28 00:00:00,2018-10-01 00:00:00,2.2
2019-07-26 00:00:00,2018-10-01 00:00:00,1.1
2020-07-30 00:00:00,2018-10-01 00:00:00,1.3
2021-07-29 00:00:00,2018-10-01 00:00:00,0.9
2022-09-29 00:00:00,2018-10-01 00:00:00,0.7
2023-09-28 00:00:00,2018-10-01 00:00:00,0.6
2019-04-26 00:00:00,2019-01-01 00:00:00,3.2
2019-05-30 00:00:00,2019-01-01 00:00:00,3.1
2020-07-30 00:00:00,2019-01-01 00:00:00,2.9
2021-07-29 00:00:00,2019-01-01 00:00:00,2.4
2022-09-29 00:00:00,2019-01-01 00:00:00,2.2
2024-09-26 00:00:00,2019-01-01 00:00:00,2.5
2019-07-26 00:00:00,2019-04-01 00:00:00,2.1
2019-08-29 00:00:00,2019-04-01 00:00:00,2.0
2020-07-30 00:00:00,2019-04-01 00:00:00,1.5
2021-07-29 00:00:00,2019-04-01 00:00:00,3.2
2022-09-29 00:00:00,2019-04-01 00:00:00,2.7
2023-09-28 00:00:00,2019-04-01 00:00:00,3.4
2019-10-30 00:00:00,2019-07-01 00:00:00,1.9
2019-11-27 00:00:00,2019-07-01 00:00:00,2.1
2020-07-30 00:00:00,2019-07-01 00:00:00,2.6
2021-07-29 00:00:00,2019-07-01 00:00:00,2.8
2022-09-29 00:00:00,2019-07-01 00:00:00,3.6
2023-09-28 00:00:00,2019-07-01 00:00:00,4.6
2024-09-26 00:00:00,2019-07-01 00:00:00,4.8
2020-01-30 00:00:00,2019-10-01 00:00:00,2.1
2020-07-30 00:00:00,2019-10-01 00:00:00,2.4
2021-07-29 00:00:00,2019-10-01 00:00:00,1.9
2022-09-29 00:00:00,2019-10-01 00:00:00,1.8
2023-09-28 00:00:00,2019-10-01 00:00:00,2.6
2024-09-26 00:00:00,2019-10-01 00:00:00,2.8
2020-04-29 00:00:00,2020-01-01 00:00:00,-4.8
2020-05-28 00:00:00,2020-01-01 00:00:00,-5.0
2021-07-29 00:00:00,2020-01-01 00:00:00,-5.1
2022-09-29 00:00:00,2020-01-01 00:00:00,-4.6
2023-09-28 00:00:00,2020-01-01 00:00:00,-5.3
2024-09-26 00:00:00,2020-01-01 00:00:00,-5.5
2025-09-25 00:00:00,2020-01-01 00:00:00,-5.2
2020-07-30 00:00:00,2020-04-01 00:00:00,-32.9
2020-08-27 00:00:00,2020-04-01 00:00:00,-31.7
2020-09-30 00:00:00,2020-04-01 00:00:00,-31.4
2021-07-29 00:00:00,2020-04-01 00:00:00,-31.2
2022-09-29 00:00:00,2020-04-01 00:00:00,-29.9
2023-09-28 00:00:00,2020-04-01 00:00:00,-28.0
2024-09-26 00:00:00,2020-04-01 00:00:00,-28.1
2025-09-25 00:00:00,2020-04-01 00:00:00,-28.0
2020-10-29 00:00:00,2020-07-01 00:00:00,33.1
2020-12-22 00:00:00,2020-07-01 00:00:00,33.4
2021-07-29 00:00:00,2020-07-01 00:00:00,33.8
2022-09-29 00:00:00,2020-07-01 00:00:00,35.3
2023-09-28 00:00:00,2020-07-01 00:00:00,34.8
2024-09-26 00:00:00,2020-07-01 00:00:00,35.2
2025-09-25 00:00:00,2020-07-01 00:00:00,34.9
2021-01-28 00:00:00,2020-10-01 00:00:00,4.0
2021-02-25 00:00:00,2020-10-01 00:00:00,4.1
2021-03-25 00:00:00,2020-10-01 00:00:00,4.3
2021-07-29 00:00:00,2020-10-01 00:00:00,4.5
2022-09-29 00:00:00,2020-10-01 00:00:00,3.9
2023-09-28 00:00:00,2020-10-01 00:00:00,4.2
2024-09-26 00:00:00,2020-10-01 00:00:00,4.4
2025-09-25 00:00:00,2020-10-01 00:00:00,4.6
2021-04-29 00:00:00,2021-01-01 00:00:00,6.4
2021-07-29 00:00:00,2021-01-01 00:00:00,6.3
2023-09-28 00:00:00,2021-01-01 00:00:00,5.2
2024-09-26 00:00:00,2021-01-01 00:00:00,5.6
2025-09-25 00:00:00,2021-01-01 00:00:00,5.7
2021-07-29 00:00:00,2021-04-01 00:00:00,6.5
2021-08-26 00:00:00,2021-04-01 00:00:00,6.6
2021-09-30 00:00:00,2021-04-01 00:00:00,6.7
2022-09-29 00:00:00,2021-04-01 00:00:00,7.0
2023-09-28 00:00:00,2021-04-01 00:00:00,6.2
2024-09-26 00:00:00,2021-04-01 00:00:00,6.4
2025-09-25 00:00:00,2021-04-01 00:00:00,7.0
2021-10-28 00:00:00,2021-07-01 00:00:00,2.0
2021-11-24 00:00:00,2021-07-01 00:00:00,2.1
2021-12-22 00:00:00,2021-07-01 00:00:00,2.3
2022-09-29 00:00:00,2021-07-01 00:00:00,2.7
2023-09-28 00:00:00,2021-07-01 00:00:00,3.3
2024-09-26 00:00:00,2021-07-01 00:00:00,3.5
2025-09-25 00:00:00,2021-07-01 00:00:00,3.3
2022-01-27 00:00:00,2021-10-01 00:00:00,6.9
2022-02-24 00:00:00,2021-10-01 00:00:00,7.0
2022-03-30 00:00:00,2021-10-01 00:00:00,6.9
2022-09-29 00:00:00,2021-10-01 00:00:00,7.0
2024-09-26 00:00:00,2021-10-01 00:00:00,7.4
2025-09-25 00:00:00,2021-10-01 00:00:00,7.0
2022-04-28 00:00:00,2022-01-01 00:00:00,-1.4
2022-05-26 00:00:00,2022-01-01 00:00:00,-1.5
2022-06-29 00:00:00,2022-01-01 00:00:00,-1.6
2023-09-28 00:00:00,2022-01-01 00:00:00,-2.0
2024-09-26 00:00:00,2022-01-01 00:00:00,-1.0
2022-07-28 00:00:00,2022-04-01 00:00:00,-0.9
2022-08-25 00:00:00,2022-04-01 00:00:00,-0.6
2024-09-26 00:00:00,2022-04-01 00:00:00,0.3
2025-09-25 00:00:00,2022-04-01 00:00:00,0.6
2022-10-27 00:00:00,2022-07-01 00:00:00,2.6
2022-11-30 00:00:00,2022-07-01 00:00:00,2.9
2022-12-22 00:00:00,2022-07-01 00:00:00,3.2
2023-09-28 00:00:00,2022-07-01 00:00:00,2.7
2025-09-25 00:00:00,2022-07-01 00:00:00,2.9
2023-01-26 00:00:00,2022-10-01 00:00:00,2.9
2023-02-23 00:00:00,2022-10-01 00:00:00,2.7
2023-03-30 00:00:00,2022-10-01 00:00:00,2.6
2024-09-26 00:00:00,2022-10-01 00:00:00,3.4
2025-09-25 00:00:00,2022-10-01 00:00:00,2.8
2023-04-27 00:00:00,2023-01-01 00:00:00,1.1
2023-05-25 00:00:00,2023-01-01 00:00:00,1.3
2023-06-29 00:00:00,2023-01-01 00:00:00,2.0
2023-09-28 00:00:00,2023-01-01 00:00:00,2.2
2024-09-26 00:00:00,2023-01-01 00:00:00,2.8
2025-09-25 00:00:00,2023-01-01 00:00:00,2.9
2023-07-27 00:00:00,2023-04-01 00:00:00,2.4
2023-08-30 00:00:00,2023-04-01 00:00:00,2.1
2024-09-26 00:00:00,2023-04-01 00:00:00,2.4
2025-09-25 00:00:00,2023-04-01 00:00:00,2.5
2023-10-26 00:00:00,2023-07-01 00:00:00,4.9
2023-11-29 00:00:00,2023-07-01 00:00:00,5.2
2023-12-21 00:00:00,2023-07-01 00:00:00,4.9
2024-09-26 00:00:00,2023-07-01 00:00:00,4.4
2025-09-25 00:00:00,2023-07-01 00:00:00,4.7
2024-01-25 00:00:00,2023-10-01 00:00:00,3.3
2024-02-28 00:00:00,2023-10-01 00:00:00,3.2
2024-03-28 00:00:00,2023-10-01 00:00:00,3.4
2024-09-26 00:00:00,2023-10-01 00:00:00,3.2
2025-09-25 00:00:00,2023-10-01 00:00:00,3.4
2024-04-25 00:00:00,2024-01-01 00:00:00,1.6
2024-05-30 00:00:00,2024-01-01 00:00:00,1.3
2024-06-27 00:00:00,2024-01-01 00:00:00,1.4
2024-09-26 00:00:00,2024-01-01 00:00:00,1.6
2025-09-25 00:00:00,2024-01-01 00:00:00,0.8
2024-07-25 00:00:00,2024-04-01 00:00:00,2.8
2024-08-29 00:00:00,2024-04-01 00:00:00,3.0
2025-09-25 00:00:00,2024-04-01 00:00:00,3.6
2024-10-30 00:00:00,2024-07-01 00:00:00,2.8
2024-12-19 00:00:00,2024-07-01 00:00:00,3.1
2025-09-25 00:00:00,2024-07-01 00:00:00,3.3
2025-01-30 00:00:00,2024-10-01 00:00:00,2.3
2025-03-27 00:00:00,2024-10-01 00:00:00,2.4
2025-09-25 00:00:00,2024-10-01 00:00:00,1.9
2025-04-30 00:00:00,2025-01-01 00:00:00,-0.3
2025-05-29 00:00:00,2025-01-01 00:00:00,-0.2
2025-06-26 00:00:00,2025-01-01 00:00:00,-0.5
2025-09-25 00:00:00,2025-01-01 00:00:00,-0.6
2025-07-30 00:00:00,2025-04-01 00:00:00,3.0
2025-08-28 00:00:00,2025-04-01 00:00:00,3.3
2025-09-25 00:00:00,2025-04-01 00:00:00,3.8
2025-12-23 00:00:00,2025-07-01 00:00:00,4.3
2026-01-22 00:00:00,2025-07-01 00:00:00,4.4
2026-02-20 00:00:00,2025-10-01 00:00:00,1.4
2026-03-13 00:00:00,2025-10-01 00:00:00,0.7
2026-04-09 00:00:00,2025-10-01 00:00:00,0.5
2026-04-30 00:00:00,2026-01-01 00:00:00,2.0
2026-05-28 00:00:00,2026-01-01 00:00:00,1.6
2026-06-25 00:00:00,2026-01-01 00:00:00,2.1
