Date,OOS,IS,EW_BH
2024-01-02,0.99813051689732,1.0019449331044057,1.0002920473831423
2024-01-03,0.990410129371591,0.9866221231866964,0.9857232593154814
2024-01-04,0.9888838015258116,0.9881038650993635,0.9874982124688005
2024-01-05,0.9900256596616257,0.9893078815701059,0.9893713311167674
2024-01-08,0.9873072075813518,0.9895029538864181,0.9950882731132459
2024-01-09,0.9869926173337797,0.9888112042040182,0.9933117822152894
2024-01-10,0.9843074188996226,0.9893109550875347,1.0019184720725256
2024-01-11,0.9842701506850684,0.9903367010015734,1.0034607253244907
2024-01-12,0.9861335242081487,0.9875187179939591,0.9996458556505307
2024-01-16,0.9816538894753115,0.9818202666817445,0.9953307028658359
2024-01-17,0.9746948101202341,0.9708984363155064,0.9833886871781355
2024-01-18,0.9775887343645014,0.9728812234337652,0.9854631961403167
2024-01-19,0.9833156665996046,0.9834705816614876,0.9936841144730106
2024-01-22,0.9842470580773942,0.9805859870238659,0.9853403110659006
2024-01-23,0.9856330158877284,0.9815350842129572,0.9859099201093702
2024-01-24,0.9874565625604758,0.9823389600100462,0.9907665258688029
2024-01-25,0.9910868591846984,0.9874059903918337,0.993601994022087
2024-01-26,0.991835813835694,0.9916648124817882,0.9989872118256556
2024-01-29,0.9948351406081749,0.9979652791234704,1.0054978344523384
2024-01-30,0.99462354681912,0.9979692629404813,1.0043909873276677
2024-01-31,0.9909924767222649,0.9925339347662437,0.9961006321285534
2024-02-01,0.9935054249716568,0.9954304958290293,0.9999302732262628
2024-02-02,0.9961606888338457,0.9975927932571187,0.9987727718175036
2024-02-05,0.9958621847380251,0.9970516463593262,0.9968343354591992
2024-02-06,0.998246130952285,1.0016251865247212,1.0056231177709671
2024-02-07,1.001859695344628,1.0064531362230968,1.0116098834896206
2024-02-08,1.0061638796742847,1.0111970560173127,1.0174533237581165
2024-02-09,1.0079792961059748,1.014379717365004,1.0243469441662365
2024-02-12,1.0084903574856228,1.0180353069080676,1.0355473943795859
2024-02-13,1.0080290580178244,1.017197584774971,1.0302342023432165
2024-02-14,1.007866671288622,1.0186187926996677,1.0400701209474545
2024-02-15,1.0146169795785458,1.027844508917668,1.0506341844534188
2024-02-16,1.0181945368573628,1.0324320540103218,1.0563904291150117
2024-02-20,1.0162692589137703,1.034176822494265,1.061494752896751
2024-02-21,1.0154019478781355,1.0321838370745402,1.0578087414373483
2024-02-22,1.0239051359900613,1.039875997776789,1.0659613071429104
2024-02-23,1.0230708271325415,1.0384498828281585,1.0632844949023907
2024-02-26,1.0214099156790168,1.0416616219316666,1.0752428140986319
2024-02-27,1.022206876641454,1.044579065420142,1.0836710514565546
2024-02-28,1.021051501899079,1.0477137652417345,1.0935358355606577
2024-02-29,1.0239492786840723,1.0496350058788297,1.0935662802983004
2024-03-01,1.030648801629767,1.0594932035688447,1.1093765633013444
2024-03-04,1.0404483137632536,1.0741764107313831,1.1284681239816496
2024-03-05,1.0357694877525667,1.0685993960649924,1.115462562987838
2024-03-06,1.0417799753755757,1.0779458184859454,1.134092731604464
2024-03-07,1.0438932736479205,1.0813638689592364,1.1403806773856264
2024-03-08,1.0460694937974302,1.085474928272634,1.1422301602501204
2024-03-11,1.0473711456312564,1.088093195410897,1.1532435198871618
2024-03-12,1.0491854548699704,1.0891815841220536,1.1522974267278814
2024-03-13,1.0509375537432206,1.0929957971107298,1.1594145879328328
2024-03-14,1.0501986500947964,1.0918142988612933,1.1525002683194563
2024-03-15,1.0428473193720353,1.0811485454788055,1.1411094176419019
2024-03-18,1.0477072418854296,1.0863861652789708,1.1380847947740311
2024-03-19,1.040747444082395,1.0756782473935596,1.1173799940550735
2024-03-20,1.048526419926686,1.0859074786686769,1.1405372119980843
2024-03-21,1.0556879854941263,1.0957167658373017,1.142433438664812
2024-03-22,1.0517176396520311,1.08933351710364,1.1314614313615325
2024-03-25,1.0551608065858329,1.0967633771609984,1.1498007154907084
2024-03-26,1.0549315309663123,1.0965349518695722,1.1486382847764827
2024-03-27,1.055248860261425,1.096831649127233,1.147635385098358
2024-03-28,1.0549729922252717,1.0988182398533461,1.1538668820694433
2024-04-01,1.0557520446513968,1.0991821401974804,1.1529734901957622
2024-04-02,1.0534648092272725,1.0984661172216825,1.1429640507199756
2024-04-03,1.0503313244706076,1.0963282975011055,1.1479209557954462
2024-04-04,1.0528050232277377,1.0988721560823538,1.1533593730947853
2024-04-05,1.0498239076831855,1.0972978308716959,1.1532355009868367
2024-04-08,1.0543315531684332,1.1043562310782316,1.1737296216175859
2024-04-09,1.0551390283827757,1.107351082267933,1.1665041997641428
2024-04-10,1.0522947736358725,1.1058391015915439,1.165963788736321
2024-04-11,1.0539221905515734,1.1067993894815804,1.1662148353107695
2024-04-12,1.0464153415027848,1.1000758838675957,1.1480425438625224
2024-04-15,1.0416579157276395,1.091372757022511,1.13502096825438
2024-04-16,1.0324795623829661,1.0806760750749647,1.1258161427768427
2024-04-17,1.0287202954651642,1.0775425169084933,1.1148187213179794
2024-04-18,1.0330834002429543,1.0822039758296016,1.123340583175601
2024-04-19,1.0215557011106684,1.066986249009538,1.1172978809131646
2024-04-22,1.026303933826366,1.0696342149407954,1.1243470867252634
2024-04-23,1.028434314691625,1.0734257800257199,1.128723971423665
2024-04-24,1.035475619773908,1.082376217202126,1.1276165249882222
2024-04-25,1.029219586970421,1.075487153836948,1.1253006252223337
2024-04-26,1.0362595836472128,1.082510149078638,1.13091356446927
2024-04-29,1.0421885087310112,1.0895747551169817,1.1385263429493386
2024-04-30,1.0365762534721596,1.0820311257678359,1.116432845251277
2024-05-01,1.0341121936674589,1.0795063227345614,1.1075539243629673
2024-05-02,1.038949250453948,1.0844197234115993,1.1157380887382522
2024-05-03,1.0444190577521635,1.0908345896822453,1.128995430859321
2024-05-06,1.0491686005131786,1.0985288868077852,1.1345287279572878
2024-05-07,1.0526172631741508,1.1009561676130206,1.1345907134909228
2024-05-08,1.0512937770230408,1.099376090150885,1.1309870560057356
2024-05-09,1.0534393601037577,1.103676810505069,1.1403692838897859
2024-05-10,1.0542100433823,1.1064511366844552,1.1351624907650484
2024-05-13,1.055203264616699,1.1069926209262264,1.140572457413754
2024-05-14,1.0575855413737751,1.1107770203419434,1.1391265104598558
2024-05-15,1.0651737210238132,1.122801300411841,1.1611969555950459
2024-05-16,1.0662175813079129,1.1240381156749446,1.1592058818363182
2024-05-17,1.0688825143663498,1.1310097058893132,1.1736059375270007
2024-05-20,1.0748672269668453,1.1399875591075939,1.2037502752725078
2024-05-21,1.0734260923533767,1.1374185290697525,1.2019906264098283
2024-05-22,1.071012418573589,1.1343734093904545,1.1931824465441156
2024-05-23,1.0671017998863106,1.1261983055173643,1.18436720840522
2024-05-24,1.067358262068471,1.1265058448359968,1.1841507014481558
2024-05-28,1.073348721704366,1.136962973659989,1.197204515113127
2024-05-29,1.067096960320979,1.1297739790320755,1.1864642994174992
2024-05-30,1.0613553967317404,1.122118484259444,1.1799658021837487
2024-05-31,1.0609190321847104,1.1174464086046854,1.174572153370162
2024-06-03,1.0641461392719598,1.1227277841759429,1.1810650276600574
2024-06-04,1.0602197012824426,1.1167210846264803,1.178409856314677
2024-06-05,1.066064292467754,1.1261143194174474,1.188187902942055
2024-06-06,1.0711867097934369,1.134647113721077,1.1948685908392176
2024-06-07,1.0612930739248598,1.1192675677273722,1.1780623598674187
2024-06-10,1.0647900172374025,1.124187586902043,1.1827655551314564
2024-06-11,1.0610051207842228,1.119906353132123,1.1706214007816247
2024-06-12,1.069110679289769,1.1322253214362898,1.1841193238316698
2024-06-13,1.0639426337163287,1.1251857825343237,1.1739640382484222
2024-06-14,1.0673669230955678,1.131266455074589,1.176544831557622
2024-06-17,1.0692748958781595,1.1338110184477153,1.1797299371385659
2024-06-18,1.0732295916850607,1.1395412991571143,1.1831358878969511
2024-06-20,1.0756145788766054,1.144912888265199,1.191118312468684
2024-06-21,1.068723667796472,1.134443996489012,1.1807135280726795
2024-06-24,1.0667960626418542,1.1309269972449525,1.1682844476082315
2024-06-25,1.064535109904622,1.1281526051206456,1.1702991524364625
2024-06-26,1.0652988087482054,1.1287674882730225,1.1693155957382535
2024-06-27,1.06613140186649,1.1306885359261556,1.1730527309297503
2024-06-28,1.0668729089078022,1.1315858022979242,1.1704209343699656
2024-07-01,1.0694272859439564,1.1337537126435493,1.1805455720146698
2024-07-02,1.070486270370473,1.133514428993071,1.1788481660098618
2024-07-03,1.0760375748476967,1.143679256946383,1.184069688637066
2024-07-05,1.0780182897085622,1.1499201184206982,1.176478657841131
2024-07-08,1.0767611893718272,1.1465635687666633,1.173736483085464
2024-07-09,1.0794707340516494,1.1489074042721195,1.1797156205308528
2024-07-10,1.0830269745898615,1.1525068965397536,1.186037570481029
2024-07-11,1.0859075705265808,1.1601297805084505,1.1919980360981683
2024-07-12,1.0845375527792427,1.1560492101093711,1.189274285976189
2024-07-15,1.084995953281249,1.1563555555430058,1.20972576947555
2024-07-16,1.088619139730985,1.1624500462674812,1.213267468124523
2024-07-17,1.0818323251985968,1.1542583041181957,1.2017610185253007
2024-07-18,1.0779144678676356,1.1495314623786312,1.1956684265626771
2024-07-19,1.0723885293876965,1.1376581405189643,1.1899522999932222
2024-07-22,1.071985653565116,1.1347963573269013,1.18817624025128
2024-07-23,1.069166126680579,1.1359355802586233,1.1836019623786673
2024-07-24,1.0612126976171585,1.1311964166384347,1.1704883901335659
2024-07-25,1.0555601294120311,1.120535178758419,1.1550901594904222
2024-07-26,1.057249071518395,1.1204043111045916,1.1636268572301545
2024-07-29,1.0562083613429545,1.11936494411423,1.1630725529756845
2024-07-30,1.0547353583258727,1.1216428652839647,1.160387691666309
2024-07-31,1.0663265607586774,1.1317554423567397,1.172384748720772
2024-08-01,1.059680040927977,1.12142716716519,1.1616190815416747
2024-08-02,1.0480008438792199,1.1073191425226918,1.1273773017994366
2024-08-05,1.0284973185080681,1.0839294584559227,1.0590797203014446
2024-08-06,1.0339896980369818,1.0895781140139549,1.0769637939968177
2024-08-07,1.0362020080989816,1.091738422525922,1.0784815280683206
2024-08-08,1.0429571565383262,1.1040869924179726,1.109294884166353
2024-08-09,1.0458674340152403,1.1084045045448578,1.1108988334148915
2024-08-12,1.0507283590562517,1.1147436408380202,1.1205969376325309
2024-08-13,1.0544996008073846,1.1208561005610085,1.128552202839896
2024-08-14,1.0534123395998498,1.1183924218400534,1.1222602282007756
2024-08-15,1.059568639760324,1.1297053799474615,1.1285845852669487
2024-08-16,1.0626752074034014,1.135101086245383,1.1406068848766624
2024-08-19,1.0634694545290315,1.1396733082308408,1.144809978554276
2024-08-20,1.0629099341949273,1.1384380519665884,1.1420762007537475
2024-08-21,1.062344100929561,1.13854965218974,1.1464782835028138
2024-08-22,1.0590901952983052,1.1315018461507402,1.1396115157176092
2024-08-23,1.064911903414115,1.1425199753990203,1.1615481358622017
2024-08-26,1.0647427812274342,1.1426235821141977,1.1576640714464392
2024-08-27,1.0629250273932132,1.1417689625991694,1.1436834328971581
2024-08-28,1.0592934752718361,1.1353566165820967,1.139039188753486
2024-08-29,1.059774244273249,1.1379876015546329,1.1423860428756276
2024-08-30,1.0608749001533015,1.1372815762761634,1.1402819164888365
2024-09-03,1.0518277161022107,1.122524847368146,1.1187755912898827
2024-09-04,1.0463781509274759,1.115562739274333,1.1093368335559988
2024-09-05,1.0473279922272845,1.1188667100206484,1.1055472343728414
2024-09-06,1.0398688644364151,1.107431761551334,1.0845043125940512
2024-09-09,1.0421934284061878,1.1122429370616793,1.0982500734141345
2024-09-10,1.0392356309310622,1.108436764351613,1.0965831437690352
2024-09-11,1.0428431817703399,1.1143252868406208,1.099109363773149
2024-09-12,1.05018897204679,1.1287279499313259,1.1169731051615088
2024-09-13,1.052125826963916,1.134997843377578,1.1287409459363738
2024-09-16,1.0539526790908307,1.138199924033478,1.1230949850664522
2024-09-17,1.054664966902156,1.1382783254380657,1.127493977513513
2024-09-18,1.0536610533775992,1.1356573525995062,1.1278161810595941
2024-09-19,1.0607058928025266,1.1486157174759863,1.1484285560022756
2024-09-20,1.0620432265337079,1.1508538064543403,1.153312831978269
2024-09-23,1.0623112064767553,1.1502473140844753,1.1565514021567902
2024-09-24,1.07272274784259,1.1657616287047259,1.1759097088872612
2024-09-25,1.0682203010124394,1.1608802379884484,1.166535035488487
2024-09-26,1.07671744081271,1.1694093989481922,1.1870503300326638
2024-09-27,1.0760375575203718,1.1661907559910403,1.1907710509026663
2024-09-30,1.0742096740288223,1.1611360970035067,1.1769923193346006
2024-10-01,1.0761996134703031,1.1645239446995133,1.1745497072153248
2024-10-02,1.079243159594924,1.1642041996885097,1.1775873060646378
2024-10-03,1.081445636095732,1.1728356155719273,1.1809792432004524
2024-10-04,1.0872546451533653,1.1773082438303286,1.1935327653949415
2024-10-07,1.0956450557696293,1.1851782962357347,1.206314201191478
2024-10-08,1.0815542870835544,1.1663652120099635,1.1796445001712983
2024-10-09,1.078128626357951,1.1628555311512845,1.1708121680724637
2024-10-10,1.0825790539284474,1.1716928231895987,1.1766413963533222
2024-10-11,1.0851520362400118,1.1789213428798464,1.186653586408079
2024-10-14,1.0850732312427882,1.179007541102302,1.1963777738378145
2024-10-15,1.0761305901545455,1.1737375484472128,1.1895181052655845
2024-10-16,1.0770828372652563,1.174984153972748,1.1913169102551358
2024-10-17,1.0766706932661025,1.1754289326955818,1.1889264609519627
2024-10-18,1.0783757106955167,1.1826685494954274,1.203318523639996
2024-10-21,1.07839782192227,1.1885100357272487,1.2044539714041118
2024-10-22,1.0791267625990908,1.1946729577935402,1.2066684857884646
2024-10-23,1.0750095024094037,1.1830213148696387,1.1905634609736782
2024-10-24,1.0747778068672311,1.1838249230867857,1.1939838723430363
2024-10-25,1.0765510601901354,1.1859632849882467,1.1909416992455293
2024-10-28,1.0742823843108833,1.183221287324971,1.2003629642465121
2024-10-29,1.0753093565883851,1.188754452156707,1.2078467759913432
2024-10-30,1.0745208173646033,1.1892790022719752,1.2056334326009555
2024-10-31,1.0699122658026932,1.175744275732725,1.1863656342208184
2024-11-01,1.0718417998236736,1.1771241308459168,1.183644252205742
2024-11-04,1.0750638481571653,1.180493691100598,1.1820887618956755
2024-11-05,1.082623167451426,1.1886965086162085,1.1945804449790267
2024-11-06,1.0845946116305925,1.1863337180314943,1.210664184808494
2024-11-07,1.09441783071736,1.1993379667532031,1.2299403579057968
2024-11-08,1.084904135176539,1.188629843101892,1.2216818337722914
2024-11-11,1.0842511957047865,1.1850340073694154,1.248386522864388
2024-11-12,1.0761737507884357,1.1767531796064044,1.2339385786168937
2024-11-13,1.0743045259962507,1.1741217208629473,1.2324120584978213
2024-11-14,1.07164852347069,1.1700362188095645,1.2183487035300427
2024-11-15,1.0653214797909416,1.1630533861626737,1.2197472939684386
2024-11-18,1.0735183554556273,1.176175410662347,1.2306534319780655
2024-11-19,1.0755268758796683,1.1789802354363212,1.2340985474727082
2024-11-20,1.0750468758176634,1.1779518007132124,1.2349804604585513
2024-11-21,1.0796805812020507,1.1852600555991684,1.2531585203736846
2024-11-22,1.084261031554807,1.1928743651606208,1.2584022414952556
2024-11-25,1.081089799892304,1.1819721639200864,1.244936844334221
2024-11-26,1.0796973962942613,1.1805174407045917,1.238216423144846
2024-11-27,1.0809198231049757,1.1826991051816693,1.2543740861716288
2024-11-29,1.0840959268896675,1.1871397250900473,1.258325737106296
2024-12-02,1.0842852934471667,1.1863033077516199,1.2602225178569781
2024-12-03,1.0904389711897111,1.1966236276482864,1.2689226184627354
2024-12-04,1.0939296947331096,1.2010401561562096,1.2815000395226368
2024-12-05,1.0918389468395984,1.195593864940642,1.2753973735359927
2024-12-06,1.0945648183483894,1.199475790528897,1.2864026326842026
2024-12-09,1.0947245992745245,1.2010782950777468,1.283532111064236
2024-12-10,1.09056003327063,1.2002323289745453,1.2746725062986193
2024-12-11,1.102093448799321,1.216665292690321,1.2948512108539547
2024-12-12,1.0957370637980075,1.2069884066141447,1.2890167615579902
2024-12-13,1.0971765045174076,1.2069786973712489,1.289344959183079
2024-12-16,1.0996004277437161,1.2094784526572628,1.2986065321051055
2024-12-17,1.0955599860075684,1.2028985126685123,1.2924517349161062
2024-12-18,1.0792385932736388,1.1856184792769122,1.2635354585277148
2024-12-19,1.0696228936173724,1.1681277848097815,1.243306591579507
2024-12-20,1.072023159667804,1.1727324101987069,1.2473337875857866
2024-12-23,1.0724979044701335,1.173730190485676,1.246787924552648
2024-12-24,1.0802446573051294,1.1828692513246626,1.2615026324382208
2024-12-26,1.076689906464792,1.1786858446168442,1.253445347646573
2024-12-27,1.0736735520170122,1.1729810622355006,1.247689681243789
2024-12-30,1.0688636414995114,1.1663377315495451,1.2394877281909573
2024-12-31,1.0692580491540389,1.1678110556142651,1.2380681824007453
2025-01-02,1.0741447514174927,1.1746387628604797,1.2490056913482097
2025-01-03,1.0808248955634265,1.1830409761031484,1.260474778441886
2025-01-06,1.0880211819497907,1.193147475938806,1.2757920502795643
2025-01-07,1.0823082934799368,1.1869257888885791,1.2583710942758461
2025-01-08,1.0803555791061477,1.186427819735276,1.2518023189983434
2025-01-10,1.0765889983299843,1.185444084376604,1.245759645065117
2025-01-13,1.0737244424143082,1.1777123572923265,1.2356646183425917
2025-01-14,1.074418964188032,1.180464402568307,1.243736074648708
2025-01-15,1.0924306648572226,1.2015010219139568,1.2699162238926742
2025-01-16,1.092221564717004,1.2038015503701989,1.2676407458869998
2025-01-17,1.098550017313757,1.20995903593873,1.2837449896093995
2025-01-21,1.1051766038244124,1.2161688571661722,1.2877357679252082
2025-01-22,1.1053873449713438,1.2177549924057205,1.2847085630568933
2025-01-23,1.106513035334679,1.2163968889964574,1.2870756108155796
2025-01-24,1.1075483392230077,1.2197557691979295,1.2904774776973957
2025-01-27,1.0958740943282663,1.2043714698318924,1.2699500554361518
2025-01-28,1.0998908935356597,1.2107428026055327,1.2700597127133746
2025-01-29,1.1011321857132126,1.2126728066717778,1.2762300519067362
2025-01-30,1.1115097752030731,1.227145095522022,1.2917898499330613
2025-01-31,1.1068973303183696,1.220859638080711,1.2848496212138594
2025-02-03,1.1002112541251583,1.2161224888972373,1.2613761393748302
2025-02-04,1.1061582594419976,1.2238731769479412,1.2592229006365174
2025-02-05,1.1063943350991212,1.2246632100384038,1.2600378944892758
2025-02-06,1.1089512090544142,1.225587316654692,1.2599777871260849
2025-02-07,1.1054040354263506,1.2239300329049965,1.2558612369481275
2025-02-10,1.1119914937236173,1.2319442583788394,1.2649760047368803
2025-02-11,1.1125416578419223,1.2307931401711816,1.2609361375073764
2025-02-12,1.1134815972352825,1.2345307223958373,1.2700199197999584
2025-02-13,1.1184149650489368,1.2386734598357365,1.271808597107161
2025-02-14,1.119896148597506,1.239328041187108,1.274056779283395
2025-02-18,1.1233887922825356,1.2456645744158903,1.2769802692691805
2025-02-19,1.121470549178881,1.244041612784455,1.2790362357401173
2025-02-20,1.1236715747213644,1.2488517734425006,1.2839031613458012
2025-02-21,1.1151465316274223,1.2429042024466261,1.2716876684156864
2025-02-24,1.1101084905431144,1.2364734340837182,1.2537795955247584
2025-02-25,1.106521222877539,1.2287259842453615,1.2391565424454605
2025-02-26,1.1079759589526612,1.2324387970329769,1.2309709986397164
2025-02-27,1.1010285174501764,1.2226399464999846,1.2217454590843297
2025-02-28,1.1005043479365901,1.2142179359368328,1.211567171114
2025-03-03,1.0974671782035994,1.214116068687482,1.2109551002351393
2025-03-04,1.0968399032337868,1.2152722981294137,1.2114689628168247
2025-03-05,1.108689606818807,1.2280995330462872,1.2296364646214124
2025-03-06,1.1027176080888759,1.2228631973833397,1.2232709185402215
2025-03-07,1.1029668703639117,1.2218685232425872,1.213552855194473
2025-03-10,1.0848745373977864,1.2044830252509338,1.1777027419311628
2025-03-11,1.0875977421998668,1.208639690006138,1.1863431068959782
2025-03-12,1.094704833438184,1.217960877297951,1.1959099208562398
2025-03-13,1.090436300797541,1.217601042661617,1.1869707159804541
2025-03-14,1.1066435843363163,1.232147737293436,1.205662662241259
2025-03-17,1.1119893361014133,1.2373144402695802,1.2121778071916227
2025-03-18,1.1098847267152534,1.2373038623607215,1.2108917528428982
2025-03-19,1.1123166126188555,1.2392829025799221,1.2216457199180246
2025-03-20,1.1080099387219067,1.2354872022234498,1.2138016013673663
2025-03-21,1.1039057790366278,1.2304109464331707,1.2083176570532497
2025-03-24,1.1103614124737833,1.2361673942974771,1.2213203743472671
2025-03-25,1.1141349699697487,1.240526753619896,1.2253248957885063
2025-03-26,1.108858388690852,1.235980491754984,1.2201815639854903
2025-03-27,1.1125887679282573,1.241990495467149,1.2220943573842147
2025-03-28,1.100458677081137,1.231531780153261,1.2023431548046857
2025-03-31,1.099864112187304,1.2326642712746894,1.1898403229242953
2025-04-01,1.1030453306754058,1.2362631797090655,1.2006324596954243
2025-04-02,1.1051480468510995,1.2392500602722554,1.1959863387151648
2025-04-03,1.0757348561759636,1.2068676406713887,1.1670632766320463
2025-04-04,1.0235633535846533,1.1517274226916234,1.1238402904753255
2025-04-07,0.9940265842564047,1.1202921672141146,1.0748985060883691
2025-04-08,0.9931421896208542,1.1204680099773212,1.0667581721338133
2025-04-09,1.0403956428907084,1.1669843069477015,1.1107250874577068
2025-04-10,1.036581226628177,1.1705638992778327,1.1145783183968643
2025-04-11,1.054191113171908,1.1893255434779821,1.1380476059997386
2025-04-14,1.0625421224908398,1.1977792004878367,1.147420363598546
2025-04-15,1.0652215757225223,1.2017797720244392,1.1489799349867926
2025-04-16,1.0605341604114022,1.1987254734271704,1.1485583583313654
2025-04-17,1.064485045177405,1.2018598935308455,1.1526784604293316
2025-04-21,1.060353013829226,1.20067484790633,1.155070185938322
2025-04-22,1.074484844208374,1.213763300967714,1.1787525039989213
2025-04-23,1.0816101097553188,1.219649041026083,1.18681081096472
2025-04-24,1.0926016730353048,1.2321473586810483,1.1945391634953804
2025-04-25,1.0943995372311062,1.2328927074857623,1.1983602660992567
2025-04-28,1.096162282618963,1.2360300617006572,1.2015587103867524
2025-04-29,1.0989781592963883,1.2394369222583996,1.202382417741844
2025-04-30,1.097263786310091,1.2373040923898972,1.1977836240221895
2025-05-01,1.0987706345424468,1.2339119788307449,1.2011002364855632
2025-05-02,1.109119044021133,1.2443112084135435,1.2137360321101727
2025-05-05,1.106368498354905,1.2461946345955597,1.210162495881748
2025-05-06,1.1133296702380058,1.2575889088895522,1.2200856745739121
2025-05-07,1.1070939692680521,1.2500563642097837,1.2151796193246414
2025-05-08,1.119672133489779,1.2561286544823544,1.2383295775089012
2025-05-09,1.1289690167414548,1.2646531889504957,1.249394943752035
2025-05-12,1.1428717883628092,1.2735814537204524,1.2627852002551618
2025-05-13,1.154322018252476,1.283689128264038,1.2785297709927659
2025-05-14,1.1517474439962716,1.2795050355407138,1.2749708836332825
2025-05-15,1.1504298376999098,1.2789709758070054,1.2732735860127828
2025-05-16,1.1532284622762115,1.2797187696571108,1.2733646439743735
2025-05-19,1.1552135429178063,1.283132478501894,1.2774856009770914
2025-05-20,1.1603122958807794,1.2905197168451765,1.2837969451305895
2025-05-21,1.160327775917818,1.2919872212697268,1.2892765287186145
2025-05-22,1.1581182532864043,1.2875153361259692,1.291153726821773
2025-05-23,1.1556539099345475,1.2891290582381194,1.2824364815633953
2025-05-27,1.1620667924035208,1.291902632293397,1.2910762029261307
2025-05-28,1.1602441371877048,1.2909611556848861,1.2880256788554454
2025-05-29,1.1610444232253916,1.294814205945123,1.288080080835777
2025-05-30,1.1558311408000181,1.2878614231325534,1.2767856754158404
2025-06-02,1.1684474780088636,1.307284548378649,1.2924467347062967
2025-06-03,1.1708112173995866,1.3093882836153397,1.29316555170948
2025-06-04,1.1781907492710049,1.3160993380959538,1.2997208283957487
2025-06-05,1.1780085134332636,1.3180008556491258,1.2917306185704884
2025-06-06,1.1831257853829231,1.3232512855375895,1.3025312281913752
2025-06-09,1.1944276108117344,1.3358270879907312,1.3255190124996177
2025-06-10,1.198541869553959,1.3371355745126636,1.332455632583288
2025-06-11,1.2072915863809848,1.3450756279658398,1.33313654866068
2025-06-12,1.2082263174087258,1.348969804711613,1.32768599362054
2025-06-13,1.2132832025812714,1.3570655550803326,1.3245733203093235
2025-06-16,1.2134906881104224,1.357295936978158,1.3287451111842332
2025-06-17,1.2172414890161356,1.362635029045278,1.325654985223667
2025-06-18,1.2194373261674853,1.3642732068598262,1.3282654112696675
2025-06-20,1.2115626619683484,1.3567832301780138,1.3145448807408888
2025-06-23,1.1993483972553751,1.3454295362083022,1.3151841625953506
2025-06-24,1.198856003486311,1.3407861872960514,1.3212344568090721
2025-06-25,1.2032967992004708,1.3459823314705786,1.3267766344954128
2025-06-26,1.2064295501830444,1.3492100010123211,1.3319647848334273
2025-06-27,1.2035628911387433,1.3426030263874589,1.3309226539768062
2025-06-30,1.20507338366608,1.346165246854536,1.33436492560782
2025-07-01,1.2084573880396852,1.3491868671850735,1.3320796149821448
2025-07-02,1.2142827655471948,1.3548108771000147,1.3467937089053013
2025-07-03,1.2179480161789695,1.3583100043163017,1.3537859292272703
2025-07-07,1.212522596124892,1.354113412987568,1.343291542332265
2025-07-08,1.2178296811076328,1.3589724588952785,1.349519774270973
2025-07-09,1.22223213789599,1.362509306889984,1.3614768108320119
2025-07-10,1.2270294951308363,1.3676201882308288,1.379190812434134
2025-07-11,1.2325919071896836,1.3750605423169675,1.3880306253061738
2025-07-14,1.2320704842475363,1.3749435629417388,1.3929949185900161
2025-07-15,1.2316030306700478,1.3724503799441465,1.3907961980892247
2025-07-16,1.2338946361380154,1.3739477162294014,1.401160597950313
2025-07-17,1.2400053269115205,1.3798185528341473,1.41094710037173
2025-07-18,1.2420949052765498,1.3815023928666663,1.412757906412641
2025-07-21,1.2494511340857315,1.3908944877960607,1.4257543798746664
2025-07-22,1.2467204899833015,1.390680483171104,1.4292338218678098
2025-07-23,1.2482845432593779,1.390257251505215,1.429550948953105
2025-07-24,1.2519917292998293,1.3937523003484769,1.4325634491012005
2025-07-25,1.2467663709821217,1.3870134235220126,1.4260352385827273
2025-07-28,1.2476393136045796,1.3870929704334896,1.4260026637959742
2025-07-29,1.2543449805207643,1.3947216366843274,1.4289668700951248
2025-07-30,1.2554571583658618,1.393791511947795,1.427097660747828
2025-07-31,1.2502046118396708,1.3874439558800162,1.413485951388687
2025-08-01,1.2380389149789757,1.3781324423286934,1.393995958647362
2025-08-04,1.2461820599265374,1.38705446099097,1.4113692151175394
2025-08-05,1.2491355832850126,1.3903688102695746,1.4099555659569583
2025-08-06,1.251651116284176,1.3932970482387745,1.4161761029782558
2025-08-07,1.260870547577111,1.402714197515408,1.433522218940296
2025-08-08,1.267409332544852,1.4110470669975246,1.4403731575102503
2025-08-11,1.2651085862582294,1.4062468459958546,1.4450363012909855
2025-08-12,1.2761399690044875,1.418901018658851,1.4659557078465004
2025-08-13,1.2856027403599137,1.4297221207063533,1.4840826960767726
2025-08-14,1.2779122717275293,1.4199470001515873,1.4640947259689587
2025-08-15,1.279630734249651,1.4220013792271522,1.460059595648314
2025-08-18,1.28104001873512,1.4244070960527102,1.456941664872483
2025-08-19,1.270153083395538,1.412028770162488,1.4349105669467017
2025-08-20,1.273208425926051,1.4180618201311024,1.4460759315853247
2025-08-21,1.2723239918126132,1.4170463352037885,1.4403390924375985
2025-08-22,1.2917777264399206,1.4399535577459686,1.4803520337036875
2025-08-25,1.291605068244643,1.4381394716629927,1.456754247788769
2025-08-26,1.2910565097179627,1.438083871961299,1.4639249400891436
2025-08-27,1.2899614994609467,1.4365208801655962,1.4607595974053476
2025-08-28,1.2975121904007387,1.4464575395236376,1.469545013775579
2025-08-29,1.296063445010325,1.4480270904777885,1.4591359826289003
2025-09-02,1.2944028817209217,1.4465546100701214,1.4638486045984473
2025-09-03,1.294844557397228,1.4482803742808166,1.4714803939056735
2025-09-04,1.2957047983643621,1.4482752865569979,1.464079432535954
2025-09-05,1.3004226055318062,1.4545865671422296,1.4703800326191379
2025-09-08,1.3063394710328802,1.4617895353650154,1.4801464056582723
2025-09-09,1.3075541311203942,1.4633073989351062,1.480318712028664
2025-09-10,1.3121918549126697,1.4695802621224954,1.4914414872102832
2025-09-11,1.3192028389740935,1.4782805380202995,1.5073034262773022
2025-09-12,1.3241167101700164,1.4861480323455656,1.5207374507682145
2025-09-15,1.3268906514085574,1.4885357757692483,1.5190182651928177
2025-09-16,1.3296820194988914,1.4920261521535667,1.5238495605907714
2025-09-17,1.327954690665809,1.4893158416663217,1.5218353930813069
2025-09-18,1.330748046896847,1.49314820271582,1.5247752467178937
2025-09-19,1.3290711427522035,1.4914918351069686,1.5199610491358335
2025-09-22,1.334159694595805,1.498485890544259,1.5178497350043914
2025-09-23,1.335559686533892,1.501158147174436,1.5189515582130717
2025-09-24,1.3355906265293092,1.5008045978942657,1.5185783261887138
2025-09-25,1.3334845588334816,1.4976551485783378,1.5030568651785137
2025-09-26,1.3326106038902668,1.4986502023096238,1.5122888823375276
2025-09-29,1.335511578597499,1.5025704474654744,1.5311216218825097
2025-09-30,1.335727155548868,1.5029137724012258,1.5297540628875144
2025-10-01,1.3362393722323584,1.5050326097151152,1.5510910548851187
2025-10-02,1.3407088638699056,1.5084428901534916,1.558663214103617
2025-10-03,1.3458036520526298,1.5167209875747267,1.5729068539087065
2025-10-06,1.3585899317105772,1.5313154557823812,1.5933760980478602
2025-10-07,1.357951131408141,1.5315608950544735,1.5778199944858577
2025-10-08,1.360307367073726,1.535600644969856,1.5932600558312904
2025-10-09,1.3608738438038666,1.5352827417564785,1.5764222049655616
2025-10-10,1.3503531496000194,1.516684362030329,1.527903952323589
2025-10-13,1.3563153858367294,1.5274851140452324,1.5668839096966838
2025-10-14,1.3478717789872607,1.5183628104870128,1.5542470084823703
2025-10-15,1.3564796240989234,1.527731834779384,1.5595401900023822
2025-10-16,1.3630235057439286,1.5339239228199968,1.5663472615704546
2025-10-17,1.358152922825874,1.5254977189908858,1.5452339488388982
2025-10-20,1.3720727092666916,1.5430479567865583,1.5774481690853899
2025-10-21,1.3698098735674205,1.537661791293707,1.5510687313475569
2025-10-22,1.371262409121792,1.535475088429392,1.5470986911561202
2025-10-23,1.3738220048309697,1.540969350440964,1.5630632869355827
2025-10-24,1.3817173020719302,1.547530612263545,1.5747615330252036
2025-10-27,1.392584312098796,1.5591488201238517,1.589347411393709
2025-10-28,1.3883606214464146,1.5559318461105587,1.582112897053582
2025-10-29,1.3974312960794157,1.565339684175738,1.584803332936024
2025-10-30,1.3957109259830665,1.5618167370608307,1.576455524446571
2025-10-31,1.4012154308099758,1.566641281820103,1.5794155271618175
2025-11-03,1.4083676766556303,1.5703993144116881,1.5714491950723763
2025-11-04,1.3927894648409438,1.5545153561610094,1.5360678381244846
2025-11-05,1.3821039130861676,1.547677355930361,1.5433050721267756
2025-11-06,1.3864083721516456,1.5510087727231456,1.5342243128503465
2025-11-07,1.3802642883824692,1.5461636242578518,1.5385255710013417
2025-11-10,1.398276906102705,1.5643713834110071,1.5712376643050767
2025-11-11,1.3999244661753008,1.5636719971967348,1.5645120889689683
2025-11-12,1.4059528720489953,1.5721250121520378,1.5740386130318198
2025-11-13,1.4068834221329791,1.5701922323751885,1.5585157573523025
2025-11-14,1.3874665576193026,1.550155743288075,1.5254554443664705
2025-11-17,1.3890356568614728,1.5486595168956443,1.5150317681152394
2025-11-18,1.372613103048509,1.5320988781605662,1.5051576073104702
2025-11-19,1.369271907911361,1.529680855525445,1.4981676125303658
2025-11-20,1.3774058503841602,1.537191014705812,1.4821457254478456
2025-11-21,1.3587600110242064,1.5189473420096964,1.4670924728487589
2025-11-24,1.3619347182537014,1.5243467218419522,1.4867348642445228
2025-11-25,1.3669713037490736,1.5330906184220694,1.4947466241877874
2025-11-26,1.382414143820978,1.5491240346052717,1.5205401221584698
2025-11-28,1.3903738092426476,1.5613945358712542,1.538392938223011
2025-12-01,1.3892315328722544,1.5586427066002904,1.5265341670032484
2025-12-02,1.3889265343698876,1.558350528477765,1.5408090039086453
2025-12-03,1.3934160099844766,1.5637203179384915,1.5550611392831128
2025-12-04,1.3989263210083362,1.5684073494261674,1.552070237975025
2025-12-05,1.4016873135071268,1.573278258494557,1.5526759386364553
2025-12-08,1.4010664909048072,1.573052245174883,1.5559554936349318
2025-12-09,1.4006345107437663,1.5725411711720523,1.5713607196179475
2025-12-10,1.4013164081586562,1.577100537563268,1.5749724861867518
2025-12-11,1.3990256006718313,1.57532998334567,1.582507785397541
2025-12-12,1.401780289970299,1.5743497743594865,1.5652988330324016
2025-12-15,1.395776608933399,1.5676853672711852,1.5547150895204296
2025-12-16,1.3857497173120743,1.556646065895273,1.54665592991968
2025-12-17,1.3918574537485002,1.5601424183124009,1.5515787423756258
2025-12-18,1.3881131031474545,1.5593166462418346,1.547040820644365
2025-12-19,1.3941488515993548,1.569819367282827,1.571764703080303
2025-12-22,1.405982837596175,1.5857997159930115,1.5894947561587711
2025-12-23,1.4095563219506757,1.5928423560757918,1.599401222692279
2025-12-24,1.4095703108583306,1.5941578058964858,1.6015260624678755
2025-12-26,1.4124407404649906,1.6013058595523737,1.620609759399543
2025-12-29,1.4102765216697357,1.5929290728473526,1.5951484714326725
2025-12-30,1.4135049216319377,1.5985384619630358,1.6227858204463845
2025-12-31,1.4083097256198667,1.5915159127482514,1.5956671444710513
2026-01-02,1.4127484390771914,1.5994197239338284,1.6145359061948725
2026-01-05,1.4330019379106453,1.6282281837887127,1.6614685211802478
2026-01-06,1.443644812748289,1.6434291025726346,1.686775362689138
2026-01-07,1.4362852175667844,1.6315591886936334,1.6621711944902666
2026-01-08,1.433017056712161,1.6287546944159739,1.65175160559442
2026-01-09,1.443046735172597,1.6421077461755877,1.6721030376812842
2026-01-12,1.4536813356803149,1.6596129309570031,1.701104665146008
2026-01-13,1.459769643903948,1.6664772866400137,1.722882774279431
2026-01-14,1.4659492860366177,1.6765812752061242,1.7460339251636845
2026-01-15,1.4647282835549933,1.6726257494369603,1.7459676688889172
2026-01-16,1.4627250715829792,1.6716735323822216,1.7346202786711677
2026-01-20,1.4675622870209724,1.681579630060861,1.7290095752557473
2026-01-21,1.4694439417315255,1.6818912914477078,1.7328351136012878
2026-01-22,1.4788459934495575,1.6959586934042508,1.752583921269826
2026-01-23,1.4873699710908184,1.7103646784218958,1.7750009648713274
2026-01-26,1.4955549431666193,1.7282695780074036,1.8169514642138416
2026-01-27,1.4981570554300427,1.7293546795116574,1.8052684390594855
2026-01-28,1.512811768531586,1.7529431909985242,1.839658384757899
2026-01-29,1.5163728787460795,1.756717452443404,1.8323686388811824
2026-01-30,1.4727869959894646,1.6853212998134357,1.6914003169330813
2026-02-02,1.4586981191392134,1.6675131828152367,1.6520506523797671
2026-02-03,1.48037433891227,1.6951083234012085,1.6866207686245174
2026-02-04,1.4814164889295487,1.697637674025102,1.6857665543336293
2026-02-05,1.462251901761852,1.671497765126059,1.6164121078692306
2026-02-06,1.4732254138994225,1.6868273992545195,1.6509630247754417
2026-02-09,1.4943194237839539,1.7142892871296127,1.6895471351719542
2026-02-10,1.4945286000458153,1.7162188160987006,1.681925923914245
2026-02-11,1.5025506275686507,1.7294857571455813,1.6966411764024574
2026-02-12,1.4908747898593693,1.70918929225493,1.6612346007382157
2026-02-13,1.4924338172408562,1.7128134626605926,1.6779297420943522
2026-02-17,1.4868156806572543,1.7042657621955986,1.6558330109126247
2026-02-18,1.4968189767532138,1.7189148402638503,1.6764025474149076
2026-02-19,1.4997296690173858,1.720235689302526,1.6810672504021764
2026-02-20,1.5119507487282011,1.7356020607213496,1.708388396436145
2026-02-23,1.5150224870078313,1.741574501504331,1.714373369944245
2026-02-24,1.5243112059190673,1.7556028284547929,1.7257618510149488
2026-02-25,1.5400208019100832,1.7776996481277036,1.7658893059109901
2026-02-26,1.5364511173016262,1.7687901347896113,1.7535389402307848
2026-02-27,1.5389864437465945,1.7748621061869356,1.7662472224103145
2026-03-02,1.5332026131795253,1.769807005918955,1.7598854811794673
2026-03-03,1.4945259129942794,1.7254926466470706,1.7038261559396353
2026-03-04,1.466205649864897,1.7034414156691016,1.6922958560954702
2026-03-05,1.484422968991396,1.7178999075543948,1.7010527215364406
2026-03-06,1.483825510376068,1.7197329698024357,1.707258057688284
2026-03-09,1.4638538811818609,1.7030316252988629,1.6948935744713538
2026-03-10,1.4830078441722159,1.7203781863627885,1.7234711930291202
2026-03-11,1.4944107474472665,1.736445976498164,1.7232712130877992
2026-03-12,1.4822571003568483,1.7201009837765329,1.7166440948997348
2026-03-13,1.472557724243809,1.7095398441979874,1.699318072498426
2026-03-16,1.4804327424726933,1.7128214474355106,1.7131539140026748
2026-03-17,1.4870108317223427,1.7207075187902534,1.7176390167049989
2026-03-18,1.4910327969195751,1.7182468445875687,1.7031625035862095
2026-03-19,1.4685745400465782,1.6914893041937733,1.6551339309788902
2026-03-20,1.4575157847701046,1.6734221307189012,1.6400280992006784
2026-03-23,1.4376276974272568,1.650348120239221,1.6130365361538923
2026-03-24,1.441525660521688,1.651357087550287,1.6196832513970456
2026-03-25,1.4623004219775992,1.6800050933794266,1.650510709466915
2026-03-26,1.4398363330236033,1.6517443115430275,1.608353707624179
2026-03-27,1.4353183150107096,1.64931169045624,1.6102246202294916
2026-03-30,1.4244384921727018,1.6403394783031753,1.609509951517149
2026-03-31,1.4283236785573088,1.6512255928151143,1.6336332860362885
2026-04-01,1.4550470105542987,1.6805928742589493,1.6703402399204421
2026-04-02,1.4453450055770551,1.6693999949437737,1.6503226200455032
2026-04-06,1.454298658316181,1.6770540907957971,1.665295863184509
2026-04-07,1.4587130723039017,1.6804101186240106,1.675682172420785
2026-04-08,1.4944898080001643,1.731025569841086,1.7107135010535681
2026-04-09,1.4969349637033909,1.7346235416452518,1.7172530139634539
2026-04-10,1.5034279219143043,1.7419886249540906,1.7275444493091034
2026-04-13,1.5113089293243325,1.7513449191638186,1.7359390990179737
2026-04-14,1.5274580380508134,1.774837648757998,1.7586562261898016
2026-04-15,1.5342406044800654,1.7825877960586547,1.7667677007345528
2026-04-16,1.5420345690596293,1.791697476053996,1.7771386539261538
2026-04-17,1.5505138865783985,1.803806821022297,1.7870423241052331
2026-04-20,1.5460898193222077,1.800376947096081,1.780409217545872
2026-04-21,1.5396701819054948,1.7916621988675416,1.7709660605396693
2026-04-22,1.552681630507276,1.8090032795309285,1.7909869328484287
2026-04-23,1.5448235920774076,1.7996786065333228,1.7800118608349693
2026-04-24,1.5570776543659945,1.817383956103994,1.7911448815201794
2026-04-27,1.5588602085561805,1.819501275129648,1.7934703301851003
2026-04-28,1.5516467770255282,1.8097237402150181,1.7824098901289493
2026-04-29,1.5496060465537025,1.8080343061398265,1.7796899282761418
2026-04-30,1.5607355599904704,1.8228239292581143,1.7916000587732692
2026-05-01,1.566232399666811,1.828110269130044,1.802622782719297
2026-05-04,1.5778803825915628,1.8359711622592532,1.8118566601420807
2026-05-05,1.5831323709623484,1.8440198673625245,1.816357592288389
2026-05-06,1.6132076320549313,1.8731550352636537,1.8523719820424935
2026-05-07,1.6149998928806613,1.873348114097383,1.8638441038685096
2026-05-08,1.6208740193139037,1.8811533880882902,1.8730666874591224
2026-05-11,1.633562430010905,1.88995048528862,1.9063713512372416
2026-05-12,1.619921807071155,1.8793708967185254,1.895157721266987
2026-05-13,1.6286212571064003,1.8853319152388541,1.9140559736861953
2026-05-14,1.6345718514344814,1.8906131970285451,1.909039547091978
2026-05-15,1.5959949234685444,1.8561734718965244,1.8503735088116002
2026-05-18,1.5907368572346126,1.851176710780654,1.8457611811694508
2026-05-19,1.575075864913959,1.8372214603526296,1.8217779392709321
2026-05-20,1.581870493052304,1.8476442018144703,1.8227097738488183
2026-05-21,1.6044189918647418,1.8654837974942486,1.8493413921493227
2026-05-22,1.6083044280717549,1.8712824577224985,1.8514200313323335
2026-05-26,1.6299553441205081,1.895082985915653,1.8737804958810205
2026-05-27,1.629582851479334,1.893370668747437,1.8644069091164268
2026-05-28,1.625051251788288,1.8902732098015353,1.8642179255821634
2026-05-29,1.6406552602296451,1.9053079348496578,1.8809850440065208
2026-06-01,1.644982634544833,1.9081160568805757,1.8893946354430877
2026-06-02,1.6403532306913065,1.9113738235093805,1.886348005081982
2026-06-03,1.6377661548728508,1.9107073870500402,1.8780736329767658
2026-06-04,1.6285069018324903,1.90323603916136,1.8659031116438305
2026-06-05,1.5798080815494115,1.8563898939179138,1.7952407040224432
2026-06-08,1.5608785704838066,1.8421744253174857,1.7743951341791742
2026-06-09,1.5685654449165705,1.8418681999470436,1.777370385229917
2026-06-10,1.5375861160015918,1.8104250048773651,1.7453247005611081
2026-06-11,1.5467119782067071,1.8243443463543474,1.760119815841677
2026-06-12,1.5770640567728702,1.8539700165044026,1.7958726032264207
2026-06-15,1.620887429609299,1.8936671384527128,1.8458319494402815
2026-06-16,1.6232474019286567,1.8906251345991172,1.8416996378412422
2026-06-17,1.6255620057349547,1.8899591393402828,1.8437599972972092
2026-06-18,1.6235041705268054,1.8910800383481614,1.839625598868253
2026-06-22,1.6333684422655141,1.903234439571852,1.8494028567525493
2026-06-23,1.5879531214020115,1.8640491191246353,1.7820860735506923
2026-06-24,1.570086009752351,1.8403383862956104,1.7584147335223446
2026-06-25,1.5886957394972734,1.858656358716247,1.7836267672895798
2026-06-26,1.5652404005654794,1.8350046669207734,1.7534712238536363
2026-06-29,1.5680049729211512,1.8417193907660743,1.7593742617030643
2026-06-30,1.5779216699605734,1.8558990894147454,1.7719326822982695
2026-07-01,1.5845319591923543,1.8677094651292794,1.777896972715178
